abbreviation,description
14C,Меченый радиоактивным изотопом углерод
14C-AMG,14c-альфа-метил-глюкопиранозид(14c-alpha-methyl-glucopyranoside)
14C-DOG,14c-дезоксиглюкоза (14c-desoxy-glucose)
3TC,Ламивудин
3Т3 NRU,"3т3 neutral red ultraviolet, клеточная линия фибробластов мышей-альбиносов (3т3), подвергаемая витальному воздействию красителя нейтрального красного и регистрации ультрафиолетового излучения от клеток"
5-HT1b,Рецептор 5-гидрокситриптамина 1b
6-МТХ,Тест с шестиминутной ходьбой
A:H exposure,Сравнение воздействия между животными и человеком (animal:human exposure multiple)
AAG,Α1-кислый гликопротеин (α1-acid glycoprotein)
ABC,Абакавир
ACALA,Акалабрутиниб
ACE,"Angiotensin-converting enzyme, ангиотензинпревращающий фермент"
ACQ,Опросник по контролю над астмой (asthma control questionnaire)
ACR,Американский колледж ревматологии (american college rheumatology)
ACR,"Критерии ревматоидного артрита, разработанные американской коллегии ревматологов"
ACR20,Достижение 20% улучшения в соответствии с критериями американского колледжа ревматологии (american college rheumatology)
ACR20/50/70,Улучшение на 20/50/70% по данным критерия американского колледжа ревматологии
ACR30,Достижение 30% улучшения в соответствии с критериями американского колледжа ревматологии (american college rheumatology)
ACR50,Достижение 50% улучшения в соответствии с критериями американского колледжа ревматологии (american college rheumatology)
ACR70,Достижение 70% улучшения в соответствии с критериями американского колледжа ревматологии (american college rheumatology)
ACT,Тест по контролю над астмой (asthma control тest)
ADA,Адалимумаб
ADA,Американская диабетологическая ассоциация
ADME,"Аbsorption, distribution, metabolism and excretion; всасывание, распределение, метаболизм и выведение"
ADME,"Исследования баланса масс: абсорбция, распределение, метаболизм, экскреция"
ADME,"Исследования всасывания, распределения, метаболизма и экскреции"
AGRP,Агути-подобный пептид
ALBI,Шкала альбумин-билирубин
AMG,Метилглюкопиранозид
ANOVA,Дисперсионный анализ
ANOVA,Дисперсионный анализ (analysis of variance)
ANP,"Atrial natriuretic peptide, предсердный натрийуретический пептид"
ANZUP,Австралийско-новозеландская группа по изучению урогенитального рака и рака предстательной железы (australian and new zealand urogenital and prostate cancer trials group)
AP-1,Активирующий белок 1
APC,"Ген аденоматозного полипоза толстой кишки (adenomatous polyposis coli,)"
APN,"Aminopeptidase n, аминопептидаза n"
APP,"Amyloid beta precursor protein, прекусор бета-амилоиды"
AQLQ,Опросник оценки качества жизни у больных бронхиальной астмой (asthma quality of life questionnaire)
AR,Острое отторжение
AR+,Позитивная по рецептору андрогена [опухоль]
ARC,Аркуатное ядро гипоталамуса
ARNI,"Angiotensin receptor-neprilysin inhibitor, ингибитор рецепторов ангиотензина и неприлизина"
ARVPR,Регистра по применению антиретровирусных препаратов(the antiretroviral pregnancy registry)
ASA,Активная общая анафилактическая реакция (active systemic anaphylaxis)
ASAS20,20% улучшение по шкале оценки международного общества по изучению спондилоартритов (assessment of spondyloarthritis international society)
ASCO,Американское общество клинической онкологии
ASH,American society of hematology
AT1,"Angiotensin 1, ангиотензин ii типа 1"
AT1,Антагонисты рецепторов ангиотензина ii (at1-подтип)
ATA,Антитела к топоизомеразе
ATV,Атазанавир
ATV/c,"Атазанавир, бустированный  кобицистатом"
ATV/r,"Атазанавир, бустированный ритонавиром"
ATV/r,Атазанавир/ ритонавир
ATX,Анатомо-терапевтическо-химическая классификация
AUC,Area under curve/площадь под кривой «концентрация-время»
AUC,"Area under the curve, площадь под кривой – фармакокинетический параметр, характеризующий суммарную концентрацию лекарственного препарата в плазме крови в течение определенного времени наблюдения"
AUC,"Area under the curve, площадь под кривой, суммарная концентрация лекарственного препарата в плазме крови в течение всего времени наблюдения"
AUC,«area under curve» - площадь под кривой «концентрация-время»
AUC,Площадь под кривой «концентрация в плазме — время»
AUC,Площадь под кривой «концентрация-время»
AUC,Площадь под кривой «плазменная концентрация — время»
AUC,Площадь под кривой зависимости «концентрация в плазме крови - время»
AUC,Площадь под кривой зависимости концентрации в плазме от времени
AUC,Площадь под кривой зависимости концентрации от времени
AUC,Площадь под фармакокинетической кривой «концентрация – время»
AUC,Площадь под фармакокинетической кривой «концентрация-время»
AUC,Площадь под фармакокинетической кривой «плазменная концентрация–время»
AUC(0-24),Площадь под фармакокинетической кривой «концентрация – время» от начального момента времени до 24 ч
AUC(0-24),Площадь под фармакокинетической кривой «концентрация-время» от начального момента времени до 24 ч после введения
AUC(0-72),"Площадь под фармакокинетической кривой «концентрация-время» от нуля до 72 часов; auc, усеченная в точке 72 часа"
AUC(0-t),Площадь под кривой «плазменная концентрация-время» с момента приема препарата до последней точки
AUC(0-t),Площадь под фармакокинетической кривой «концентрация-время» от начального момента времени до последней определяемой концентрации во временной точке t
AUC(0-t),Площадь под фармакокинетической кривой «концентрация-время» от нуля до последнего отбора крови при котором концентрация препарата равна или выше нижнего предела количественного определения
AUC(0-t),"Площадь под фармакокинетической кривой «концентрация-время» от нуля до последнего отбора крови, при котором концентрация препарата равна или выше нижнего предела количественного определения"
AUC(0-τ),Равновесная площадь под кривой в интервале дозирования
AUC(0-∞),Площадь под кривой «плазменная концентрация-время» с момента приема препарата до бесконечности
AUC(0-∞),Площадь под фармакокинетической кривой «концентрация – время» от начального момента времени до бесконечности
AUC(0-∞),Площадь под фармакокинетической кривой «концентрация-время» от начального момента времени до бесконечности
AUC(0-∞),"Площадь под фармакокинетической кривой «концентрация-время», рассчитанная от нуля до бесконечности"
AUC(0–10),Площадь под фармакокинетической кривой «концентрация-время» от начального момента времени до 10 ч
AUC0-24,Площадь под кривой зависимости концентрации в плазме крови от времени от 0 до 24 часов после введения препарата
AUC0-24,Площадь под фармакокинетической кривой «концентрация-время» от 0 до 24 ч
AUC0-3 ч,"Площадь под фармакокинетической кривой, начиная с нулевого значения времени до 3 часов"
AUC0-t,Площадь под фармакокинетической кривой «концентрация-время» от нуля до последнего отбора крови при котором концентрация препарата равна или выше нижнего предела количественного определения
AUC0-t,"Площадь под фармакокинетической кривой «концентрация-время» от нуля до последнего отбора крови, при котором концентрация препарата равна или выше нижнего предела количественного определения"
AUC0-tz,Площадь под кривой зависимости концентрации в плазме от времени в течение временного интервала от нуля до последней поддающейся количественному определению временной точки/концентрации
AUC0-tz,Площадь под фармакокинетической кривой «концентрация-время» от нуля до последней поддающейся количественному измерению концентрации
AUC0-∞,Площадь под фармакокинетической кривой «концентрация-время» от нуля до бесконечности
AUC0-∞,Площадь под фармакокинетической кривой «концентрация-время» с момента приёма препарата до бесконечности
AUC0-∞,"Площадь под фармакокинетической кривой «концентрация-время», рассчитанная от нуля до бесконечности"
AUC0-∞,"Площадь под фармакокинетической кривой, начиная с нулевого значения времени до бесконечности"
AUC0–24,Площадь под кривой «плазменная концентрация — время» с момента приема лекарственного препарата до 24 ч
"AUC24,ss",Площадь под фармакокинетической кривой «концентрация-время» в равновесном состоянии за 24 ч
AUC24h,Площадь под кривой зависимости концентрации в плазме от времени с момента времени 0 до 24 часов после введения препарата
AUCinf,Площадь под кривой зависимости концентрации в плазме от времени с момента времени 0 после введения препарата до бесконечности
AUCss,Площадь под фармакокинетической кривой «концентрация-время» в равновесном состоянии
AUCtau,Площадь под кривой зависимости концентрации в плазме от времени в период применения препарата
AUCtotal,Степень всасывания
"AUCτ,ss",Площадь под фармакокинетической кривой «плазменная концентрация–время» в течение интервала дозирования в равновесном состоянии ()
AUEC,Площадь под фармакокинетической кривой эффекта
AUMC,«under the moment curve» - площадь под кривой произведение времени на концентрацию лекарственного вещества - время
AZ5104,Лабораторный шифр метаболита осимертиниба
AZ7550,Лабораторный шифр метаболита осимертиниба
AZA,Азатиоприн
AZD9291,Лабораторный шифр осимертиниба
AZT,Азидотимидин
Abl,"Abelson murine leukemia viral oncogene homolog, протонкоген абельсона"
Akt,Протеинкиназа в (protein kinase b)
Amax,Максимальная активность против фактора ха в плазме крови
Apo,Аполипопротеин (apolipoprotein)
ApoE,Аполипопротеин e
BCLC,Barcelona clinic liver cancer (барселонская система стадирования) печеночно-клеточного рака
BCOP,Анализ прозрачности / непрозрачности бычьей роговицы
BCR,"Breakpoint cluster region gene, ген точечного разрыва кластерного региона"
BCR,В-лимфоцитарный рецептор
BCR,Рецепторы в-клеток
BCR-ABL,Мутированный киназный рецептор
BCR-Abl,Bcr-abl-тирозинкиназа
BCRP,"Breast cancer resistance protein, белок устойчивости к раку груди"
BCRP,Breast cancer resistance protein/белок устойчивости рака молочной железы
BCRP,Белка резистентности рака молочной железы
BCRP,Белок резистентности рака молочной железы
BCRP,Белок резистентности рака молочной железы (breast cancer resistance protein)
BCRP,Белок сопротивления раку молочной железы
BCRP,Белок устойчивости к раку молочной железы
BCRP,Белок устойчивости рака молочной железы
BCRP,Белок устойчивости рака молочной железы (breast cancer resistance protein)
BCS,Биофармацевтическая классификационная система
BCS,Система биофармацевтической классификации
BCS,Системе биофармацевтической классификации (biopharmaceutical classification system)
BDC,Канюлированный желчный проток
BIBF 1202,Метаболит нинтеданиба
BIC,Биктегравир
BIC/B,Биктагревир
BIC/FTC/TAF,Биктегравир/тенофовир алафенамид/эмтрицитабин
BICR,Независимая централизованная оценка в слепом режиме (blinded independent central review)
BLC,Клетки базофильного лейкоза (basophilic leukemia cells)
BMMC,Тучныеклеткикостногомозгамышей (bone marrow-derived mast cells)
BNP,"B-type natriuretic peptide, b-тип натрийуретический пептид"
BONF,Нейротрофический фактор из тканей мозга
BOV,Дисперсия между событиями
BPAR,Подтвержденные биопсией эпизоды острого отторжения
BPI,Краткий опросник оценки боли (brief pain inventory short form)
BR,Бендамустин в комбинации с ритуксимабом
BR,Ритуксимаб
BRAF,"B-raf протоонкоген, серин/треонинкиназа (b-raf proto-oncogene, serine/threonine kinase)"
BRAF,Протоонкоген b-raf
BRAF,Серин/треониновая протеинкиназа
BRCA,Ген рака молочной железы (breast cancer gene)
BSA,"Body surface area, площадь поверхности тела"
BSA,Площадь поверхности тела
BSC,Наилучшая поддерживающая терапия
BSEP,Белок-переносчик солей желчных кислот (bile salt export pump)
BSEP,"Помпа, выводящая соли желчных кислот"
BSV,Межсубъектная вариабельность
BTK/ТКБ,Тирозинкиназа брутона
BUN,"Биохимический показатель, характеризующий уровень содержания мочевины в крови (blood urea nitrogen)"
BVDV,Вирус диареи крупного рогатого скота
BZD,Бензодиазепины
"Bethesda Thyroid Classification,",Стандартизированная система описания протокола цитологического исследования пунктатов щитовидной железы.
Bridge-терапия,"Терапия «ожидания»– неоадъювантное или иное противоопухолевое лечение у пациентов, ожидающих трансплантацию печени"
C24,Минимальная концентрация через 24 часа после приема лекарственного вещества
CACO-2,Иммортализованная клеточная линия клеток колоректальной аденокарциномы человека
CART,"Пептид, происходящий из регулируемого кокаином и амфетамином транскрипта"
CC50,Средняя цитотоксическая концентрация
CCK1,Рецептор холецистокинина а
CCR5,C-c-рецептор хемокина
CD,Кластер дифференцировки (cluster of differentiation)
CD (SD),Крысы линии sprague–dawley
CD (SD) BR,Лабораторные крысы спрег-доули
CD-1,Кластер дифференцировки (cluster of differentiation)
CD4,Рецептор
CDAI,Индекс клинической активности заболевания (clinical disease activity index)
CDAI,Клинический индекс активности болезни
CDK,Циклинзависимаякиназа (cyclin-dependent kinase)
CDK4/CDK6,Циклин-зависимые киназы 4 и 6
CEF,Первичная комбинированная конечная точка неэффективности
CES,"Carboxylesterase, карбоксилэстераза"
CES1,Карбоксилэстераза типа 1 (сarboxylesterase 1)
CHADS2,Шкала оценки риска инсульта у больных фибрилляцией/трепетанием предсердий
CHAQ,Опросник оценки здоровья детей (children's health assessment questionnaire)
CHMP,Committee for medicinal products for human use
CHMP,Комитет по лекарственным средствам для медицинского применения
CHO,Клетки яичников китайских хомяков (сhinese hamster ovary)
CHO,Яичник китайского хомяка (chinese hamster ovary)
CKD-EPI,Новая формула для оценки скф (chronic kidney desease epidemiology collaboration)
CL,"Clearance, выведение"
CL,Клиренс
CL,Общий плазменный клиренс
CL,Плазменный клиренс
CL/F,Кажущийся общий клиренс
CL/F,Клиренс при внесосудистом введении
CL/F,Общий клиренс
CL/F,Общий плазменный клиренс после перорального приема
CLCR,Клиренс креатинина
CLCR,Клиренс креатинина (creatinine clearance)
CLL,Chronic lymphocytic leukemia
CLNR,Внепочечный клиренс
CLR,Почечный клиренс
CLp,Средний плазменный клиренс
CLu,Собственноый клиренс
CNP,"C-type natriuretic peptide, с-тип натрийуретический пептид"
CO2,Оксид углерода iv
COBI,Кобицистат
COVID-19,Новая коронавирусная инфекция
CP,Циклофосфамид
CP-690550,Лабораторный шифр тофацитиниба
CP-690550-10,"Cp-690550 в форме водной суспензии в носителе, состоящем из 5% метилцеллюлозы и 0,025% твин-80"
CPMP,Committee for proprietary medicinal products
CR,Контролируемое высвобождение (controlled release)
CRC,Кривая концентрация-ответ
CRF,"Circulating recombinant forms, циркулирующие рекомбинантные формы"
CSF1R,Киназы рецептора колониестимулирующего фактора
CTCAE,Common terminology criteria for adverse events
CTCAE,Common terminology criteria for adverse events / общая терминология критериев нежелательных явлений
CTCAE,Common terminology criteria for adverse events / общие терминологические критерии нежелательных явлений
CTCAE,"Common terminology criteria for adverse events, критерии оценки степени тяжести нежелательных реакций"
CTCAE,"Common terminology criteria for adverse events, общие критерии оценки степени тяжести нежелательных явлений"
CTCAE,Общая терминология критериев для оценки нежелательных явлений
CTCAE,"Общие терминологические критерии для нежелательных явлений, разработанные национальным институтом рака"
CTEPH,Хроническая тромбоэмболическая легочная гипертензия (chronic thromboembolic pulmonary hypertension)
CTLA-4,"Cytolytic t-lymphocyte-associated antigen, антиген 4 цитотоксических т лимфоцитов"
CV,Коэффициент вариабельности
CV,Коэффициент вариации
CV,Коэффициентвариации (coefficient of variation)
CV,"Сoefficient of variation, коэффициент вариации"
CV,Среднее значение абсолютной биодоступности
CVOT,Исследование сердечно-сосудистых исходов
CVintra,Intraindividual variability / внутрииндивидуальная вариабельность
CVintra,Коэффициент внутрииндивидуальной вариабельности
CYP,"Cytochrome p, цитохром р"
CYP,Система цитохрома p450
CYP,Цитохром
CYP,Цитохром c450
CYP,Цитохром p450
CYP,Цитохром p450 (cytochrome p450)
CYP,Цитохром р450
CYP,Цитохром с450
CYP,Цитохромом (cytochrome)
CYP450,Цитохром p450
CYP450,Цитохром р450
CaMK2d,Кальций/кальмодулинзависимая протеинкиназа
CaMK2g,Кальций/кальмодулинзависимая протеинкиназа ii ℽ
CaMKII,Кальмодулин-зависимая протеинкиназа ii
Cav,Средняя концентрация
Ceff,Фармакологически эффективная концентрация
Child – Pugh,"Классификация чайлда – пью, оценочная методика, предназначенная для определения тяжести циррозов печени и выживаемости пациента"
Child – Pugh,"Чайлда — пью, оценочная методика, предназначенная для определения тяжести циррозов печени и выживаемости пациента"
Child–Pugh,"Классификация чайлд-пью, оценочная методика, предназначенная для определения тяжести циррозов печени и выживаемости пациента"
Cl,Клиренс
Cl,Общий клиренс
Cl/F,Общий клиренс
Clast,Последняя ненулевая концентрация лекарственного вещества в крови
ClinicalTrials.gov Identifier,Идентификатор исследования на сайте clinicaltrials.gov
Clt,Общий клиренс препарата
Cmax,Максимальная концентраци
Cmax,Максимальная концентрация
Cmax,Максимальная концентрация в плазме
Cmax,Максимальная концентрация вещества в крови
Cmax,Максимальная концентрация вещества в плазме крови
Cmax,Максимальная концентрация лекарственного вещества в крови
Cmax,Максимальная концентрация лекарственного вещества в плазме крови
Cmax,Максимальная концентрация препарата в плазме крови
Cmax,Максимальная концентрация препарата в сыворотке или плазме крови
Cmax,Максимальная плазменная концентрация
Cmax,Пиковые концентрации
Cmaxss,Максимальная концентрация в плазме во время интервала дозирования в равновесном состоянии
Cmaxss,Максимальная концентрация препарата в равновесном состоянии
Cmin,Минимальная концентрация
Cmin,Минимальная концентрация в плазме
Cmin,Минимальная концентрация лекарственного вещества в плазме крови
Cmin,Минимальная плазменная концентрация
Covid-19,"Инфекция, вызванная новым коронавирусом sars-cov-2"
CrCl,Клиренс креатинина
CsA,Циклоспорин
Ctrough,Концентрация перед очередным введением
"Ctrough,ss",Концентрация лекарственного вещества в плазме в стационарном состоянии
Cys,Цистеин
CРБ,C-реактивный белок
DAS28-4(СОЭ),"Четыре переменные для 28 суставов по шкале активности заболевания (disease activity score), включая скорость оседания эритроцитов"
DAS28-hsCRP,Показатель активности заболевания в 28 суставах с помощью высокочувствительного анализа с-реактивного белка
DAT,Переносчик дофамина
DCV,Даклатасвир
DDW,Дистиллированная деионизированная вода
DEX,"Deferasirox, деферазирокс"
DFN,"Deferipron, деферипрон"
DFO,"Deferoxamine, дефероксамин"
DICER1,"Ген, кодирующий белок, расположен на длинном плече хромосомы 14 (14q32.13)"
DIRKO,Линия мышей нокаутных по генам рецепторов гормонов-инкретинов
DL0,Максимальная нелетальная доза
DLCO,Diffusing capacity for carbon monoxide / диффузионная способность легких по монооксиду углерода
DLQI,Дерматологический индекс качества жизни
DLV,Делавирдин
DNA/ДНК,Дезоксирибонуклеиновая кислота
DOR,Доравирин
DP,Дифосфат
DPP,Дипептидил-пептидаза
DPP-IV,Ингибитор дипептидилпептидазы-4
DRESS,"Drug rash with eosinophilia and systemic symptoms, лекарственная сыпь с эозинофилией и системными проявлениями"
DRESS,Лекарственная реакция с эозинофилией и системными проявлениями (drug reaction (or rash) with eosinophilia and systemic symptoms)
DRESS,Лекарственно-индуцированная реакция гиперчувствительности
DRESS,Лекарственно-индуцированная реакция с эозинофилией и системными симптомами (drug rush with eosinophilia and systemic symptoms)
DRV,Дарунавир
DRV/r,"Дарунавир, бустированный ритонавиром"
DRV/r,Дарунавир/ ритонавир
DSS,"Dahl salt-sensitive rat, перегруженные солью крысы"
DTG,Долутегравир
DTSQ,Опросник удовлетворенности от лечения диабета
Dx+,Диагностированный (diagnostic-positive)
Dx-,Недиагностированный (diagnostic-negative)
EAC,Комитет по оценке нежелательных явлений
EACS,European aids clinical society
EACS,Европейское клиническое общество по спид (european aids clinical society)
EACS,Европейское клиническое общество спида (european aids clinical society)
EASD,Европейская ассоциация по изучению сахарного диабета
EASI,Индекс площади и тяжести экземы
EASI,Индекс площади и тяжести экземы (eczema area and severity index)
EBSS,Сбалансированный солевой раствор эрла
EC50,"Effective dose 50, среднеэффективная концентрация"
EC50,Медианная эффективная концентрация
EC50,Медианная эффективная концентрация (median effective concentration)
EC50,Полумаксимальная эффективная концентрация
EC50,Средняя эффективная концентрация
ECE,"Endothelin converting enzyme, эндотелин-превращающий фермент"
ECOG,(eastern cooperative oncology group
ECOG,Восточная объединенная группа онкологов
ECOG,Восточная объединенная онкологическая группа (eastern cooperative oncology group)
ECOG,Восточная объединенная онкологическая группа сша (eastern cooperative oncology group)
ECOG,Восточной кооперативной онкологической группы
ECOG,"Пятибальная шкала, которая используется для оценки общего состояния онкологического больного (eastern cooperative oncology group)"
ED50,50 процентная эффективная доза
ED50,50% эффективная концентрация
ED50,"Effective dose 50/ доза, обеспечивающая 50% максимального эффекта"
ED50,Median effective dose / полуэффективная доза
ED50,Полуэффективная доза
ED50,"Полуэффективная доза – доза вещества, которая обеспечивает требуемый результат у половины (50%) используемых в эксперименте единиц"
ED50,"Полуэффективная доза — доза вещества, которая обеспечивает требуемый результат у половины (50%) используемых в эксперименте единиц"
EFS,"Event-free survival, бессобытийная выживаемость"
EFV,Эфавиренз
EGFR,"Epidermal growth factor receptor, рецептор эпидермального фактора роста"
EGFR,Рецептор эпидермального фактора роста
EGFR,Рецептор эпидермального фактора роста (epidermal growth factor receptor)
EGFR,Рецепторы эпидермального фактора роста
EMA,European medicines agency
EMA,European medicines agency / европейское агентство по лекарственным средствам
EMA,European medicines agency европейское агентство лекарственных средств
EMA,"European medicines agency,  европейское агентство лекарственных средств"
EMA,"European medicines agency, европейское агентство лекарственных средств"
EMA,Европейское агентство по лекарственным средствам
EMA,Европейское агентство по лекарственным средствам (european medicines agency)
EMA,Европейское медицинское агентство
EMA,Европейское медицинское агентство (european medicines agency)
ENF,Энфувиртид
EORTC,Европейская организация по исследованию и лечению рака (european organisation for research and treatment of cancer)
EPC,"Established pharmacologic class, установленный фармакологический класс"
EQ-5D,Европейский опросник для оценки качества жизни в 5 категориях (euroqol 5-dimension)
ER,Коэффициент экспозиции
ER,Коэффициент экспозиции/коэффициент воздействия
ER,Рецепторы эстрогена (estrogen receptor)
ER,Эстрогеновый рецептор
ER+,Позитивная по рецептору эстрогена [опухоль]
ER+,Эстроген-положительный (estrogen receptor-positive)
ER-,Негативная по рецептору эстрогена [опухоль]
ERAUC,"Коэффициент экспозиции, основанный на auc"
ERK,Киназа регулируемая внеклеточными сигналами (extracellular signal-regulated kinase)
"ERK (Ras-ERK, MAPK/ERK)","Митоген-активируемая протеинкиназа, один из хорошо изученных сигнальных путей mapk (mitogen-activated protein kinase)"
ESI,Источник ионизации электрораспылением
ESMO,Европейское общество медицинской онкологии
ESV,Элсульфавирин
ETR,Этравирин
EULAR,Критерии ревматоидного артрита европейской антиревматической лиги
EVG,Элвитегравир
EVG/c,Элвитегравир бустированный кобицистатом
EСOG,Eastern cooperative oncology group
F,Абсолютная биодоступность
F,Биодоступность
F,Самки
"F, Ж",Самки
FACIT-F,Опросник для оценки функционального состояния при лечении хронического заболевания-подшкале усталости (functional assessment of chronic illness therapy-fatigue)
FACT-P,Шкала функциональной оценки противораковой терапии — рак предстательной железы (functional assessment of cancer therapy - prostate)
FAERS,Fda adverse event reporting system / система сообщений о нежелательных явлениях fda
FAERS,Система отчетов о нежелательных явлениях управления по санитарному надзору за качеством пищевых продуктов и медикаментов сша (food and drug administration adverse event reporting system)
FAS,Вся анализируемая выборка (full analysis set)
FAS,Полная анализируемая совокупность
FAS,Полный набор данных для анализа (full analysis set)
FBS,"Fetal bovine serum, фетальная бычья сыворотка"
FDA,Food and drug administration
FDA,Food and drug administration / управление по санитарному надзору за качеством пищевых продуктов и медикаментов
FDA,Food and drug administration / управлением по контролю за качеством продуктов питания и лекарственных средств сша
FDA,"Food and drug administration,  управление по контролю качества пищевых продуктов и лекарственных средств"
FDA,"Food and drug administration, управление по санитарному надзору за качеством пищевых продуктов и медикаментов"
FDA,U.s. food and drug administration
FDA,Управление по контролю за качеством пищевых продуктов и лекарственных препаратов сша (food and drug administration)
FDA,Управление по контролю за качеством пищевых продуктов и лекарственных средств соединенных штатов америки (food and drug administration)
FDA,Управление по контролю за качеством пищевых продуктов и лекарственных средств сша
FDA,Управление по контролю за качеством продуктов и медикаментов
FDA,Управление по санитарному надзору за качеством пищевых продуктов и медикаментов
FDA,Управление по санитарному надзору за качеством пищевых продуктов и медикаментов (u.s. food and drug administration)
FDA,Управление по санитарному надзору за качеством пищевых продуктов и медикаментов сша (food and drug administration)
FDA,Управление сша по контролю за качеством пищевых продуктов и лекарственных средств
FDC,Комбинация фиксированных доз
FGFR,Рецепторы фактора роста фибробластов
FGFR,Рецепторы фактора роста фибробластов (fibroblast growth factor receptor)
FIH,"Factor inhibiting hif, фактор ингибирования hif"
FIP1L1,"Factor interacting with poly(a) polymerase l1; фактор, взаимодействующий с поли(а)-полимеразой"
FKB-12,Fk-связывающий белок 12
FLT3LG,"Лиганд тирозинкиназы 3, родственный fms (flt3lg), кодируется геном flt3lg (fms-related tyrosine kinase 3 ligand)"
FLVK,Fgf (фактор роста фибробластов)-подобная киназа vegf
FMI,"Окончательный вариант, предназначенный для обращения на рынке"
FMO,Флавинсодержащая монооксигеназа
FMO,Флавинсодержащие ферменты монооксигеназы
FMO3,"Мутация, ассоциированная с триметиламинурией"
FOLFIRI,"Фторурацил, лейковорин, иринотекан"
FOLFOX,"Фторурацил, лейковорин, оксалиплатин"
FPD,Диаметр мелкодисперсных частиц (fine particle diameter)
FPV/r,Фосампренавир / ритонавир
FTC,Эмтрицитабин
FTC/F,Эмтрицитабин
Fe (0-t),"Доля от введенной дозы вещества (%), экскретируемой с мочой в течение t количества часов после ведения"
Flt-3,Fms-подобная протеинтирозинкиназа
Frel,Относительная биодоступность
G-CSF,Гранулоцитарно-макрофагальный колониестимулирующий фактор
G-CSF,Гранулоцитарный колониестимулирующий фактор (granulocyte colony-stimulating factor)
GAS6 (AXL),Рецепторная тирозинкиназа семейства axl активируются витамин к-зависимым белком gas6
GCP,Good clinical practice / надлежащая клиническая практика
GCP,"Good clinical practice, надлежащая клиническая практика"
GCP,Надлежащая клиническая практика
GCP,Надлежащая клиническая практика (good clinical practice)
GD,День гестации
GINA,Глобальная инициатива по бронхиальной астме (global initiative for asthma)
GIP,Желудочный ингибитор полипептида
GLDH,Glutamate dehydrogenase/глутаматдегидрогеназа
GLE,Глекапревир
GLI,"Glioma-associated oncogene, онкоген, ассоциированный с глиомой"
GLP,"Good laboratory practice, надлежащая лабораторная практика"
GLP,Надлежащая лабораторная практика
GLP,Надлежащая лабораторная практика (good laboratory practice)
GLP,Правила надлежащей лабораторной практики
GLUT,Независимый от na+ транспортер
GM,Геометрическое среднее (geometric mean)
GMR,Отношение геометрических средних (geometric mean ratio)
GMR,Среднее геометрическое отношение
GP,Гликопротеин (glycoprotein)
GSS,"Genotypic susceptibility score, оценка генотипической восприимчивости"
GST,Глутатион-s-трансфераза (glutathione-s-transferase)
GT,Генотип
Glu,Глутаминовая кислота
GlyT1,Глицин-1 переносчик
Gmean,Среднее геометрическое
GАК,G-ассоциированная киназа
HADS,Шкала депрессии
HAQ-DI,Индекс инвалидизации по опроснику оценки состояния здоровья (health assessment questionnaire-disability index)
HBV,"Hepatitis b virus, вирус гепатита в"
HBV,Вирус гепатита b
HBV,Вирус гепатита в
HBV,Вирус гепатита в (hepatitis в virus)
HBsAg,Поверхностный антиген вируса гепатита в
HCV,Вирус гепатита с
HD,"High dose, высокая доза"
HD,Высокая доза
HE,Эпизоды гипогликемии
HED,Человеческая эквивалентная доза
HEK293,Клетки почки эмбриона человека
HEK293,Клетки почки эмбриона человека 293 (human embryonic kidney 293)
HEK293,Клетки эмбриональной почки человека (human embryonic kidney)
HEK293,"Клеточная линия, полученная из эмбриональных почек человека"
HEPM,"Human embryonic palatal mesenchyma, клеточная линия небной мезенхимы эмбриона человека"
HER2,"Human epidermal growth factor receptor, рецептор эпидермального фактора роста человека, erbb2"
HER2,Рецептор человеческого эпидермального фактора роста 2 типа (human epidermal growth factor receptor)
HER2,Рецептор эпидермального фактора роста человека 2 типа (human epidermal growth factor receptor 2)
HER2+,Наличие экспрессии рецептора эпидермального фактора роста человека 2 типа
HER2+,Позитивная по her2 [опухоль]
HER2-,Негативная по her2 [опухоль]
HER2-,Отсутствие экспрессии рецептора эпидермального фактора роста человека 2 типа
HER2- РМЖ,Отрицательный по рецептору эпидермального фактора роста человека 2-го типа рак молочной железы
HFe,Рацион с высоким содержанием железа
HGF,Фактор роста гепатоцитов (hepatocyte growth factor)
HGPRT,Гипоксантингуанинфосфорибозилтрансфераза (hypoxanthineguanine phosphoribosyl transferase)
HIF,"Hypoxia inducible factor, фактор, индуцируемый гипоксией"
HIF-1a,"Фактор, индуцируемый гипоксией 1-альфа (hypoxia-inducible factor 1-alpha))"
HIF-α,"Hypoxia-inducible factor, фактор, индуцируемый гипоксией"
HIV/ВИЧ,Human immunodeficiency virus infection
HLA,"Human leukocyte antigens, главный комплекс гистосовместимости"
HLA,Лейкоцитарный антиген человек
HLA,Человеческий лейкоцитарный антиген (human leukocyte antigen)
HLM,Микросомы печени человека
HOMA-B,Бета-клетки в гомеостатической модели оценки
HOMA-B,Индекс хома функции β-клеток
HOMA-IR,Индекс инсулинорезистентности
HOMA‑IR,Homeostasis model assessment of insulin resistance  (индекс инсулинорезистентности)
HP,Нежелательные реакции
HPI,"Йодид пропидия в сочетании с hoescht (краситель, который применяется для определения клеток на стадии раннего и позднего апоптоза, некротизированных клеток)"
HR,Отношение риска события в определенный момент времени (hazard ratio)
HR,Отношение рисков (hazard ratio)
HR,Отошение рисков (hazard ratio)
HR+,Гормон-рецептор-положительный (hormone receptor-positive)
HR+ РМЖ,Положительный по гормональным рецепторам рак молочной железы
HRV,Человеческий риновирус
HSA,Человеческийсывороточный альбумин
HUVEC,"Human umbilical vein endothelial cell, эндотелиальные клетки пупочной вены человека"
HUVEC,Модель эндотелиальных клеток пупочной вены человека (human umbilical vein endothelial cells)
Hb,Гемоглобин
HbA1c,Гликированный гемоглобин
HbA1c,Гликозилированный гемоглобин
HbsAg,"Hepatits b surface antigen, поверхностный антиген вируса гепатита в"
Hh,Сигнальный путь hedgehog
Ht,Гематокрит
HСV,Hepatitis с virus / вирус гепатита с
HСV,"Hepatitis с virus, вирус гепатита с"
HСV,"Hepatitis с virus, вирус гепатита с (вгс)"
IAC,Независимый экспертный комитет (independent adjudication committee)
IARC,"International agency for research on cancer, международное агентство по изучению рака"
IB,Вестерн-блоттинг
IBDQ,Опросник для оценки воспалительных заболеваний кишечника (inflammatory bowel disease questionnaire)
IBE,"Iron-binding equivalent, железо-связывающий эквивалент"
IC50,50% ингибирующая концентрация
IC50,Half-maximal inhibitory concentration / концентрация полумаксимального ингибирования
IC50,"Inhibition concentration, ингибирующая концентрация"
IC50,Концентрации полумаксимального ингибирования
IC50,Концентрация полумаксимального ингибирования
IC50,"Концентрация полумаксимального ингибирования (концентрация препарата, при которой происходит ингибирование связывания 50% рецепторов).the half maximal inhibitory concentration."
IC50,"Концентрация, обеспечивающая половину от максимального ингибирования (полумаксимальная ингибирующая концентрация)"
IC50,Концентрация полумаксимального ингибирования
IC50,Медианная ингибирующая концентрация
IC50,Медианная ингибирующая концентрация (median inhibitory concentration)
IC50,Полуингибирующая концентрация
ICAM-1,Молекула межклеточной адгезии 1
ICAM-1,Молекула межклеточной адгезии-1
ICH,"The international council for harmonization, международный совет по гармонизации"
ICH,Международная конференция по гармонизации (international conference for harmonization)
ICH,Международный совет по гармонизации
ICH,Международный совет по гармонизации (international council for harmonisation)
ICH,Международный совет по гармонизации gcp (надлежащей клинической практики)
ICR,Независимая централизованная оценка (independent central review)
ID,Идентификационный код (номер) пациента
IDE,"Insulin degrading enzyme, инсулино-деградирующий фермент"
IDF,"International diabetes federation,международная диабетическая федерация"
IDV,Индинавир
IFN,Интерферон (interferon)
IGA,Шкала тяжести атопического дерматита
IGF,Инсулиноподобный фактор роста (insulin-like growth factor)
IGF1,Инсулиноподобный фактор роста 1
IL,Интерлейкин
IL,Интерлейкин (interleukin)
IL,Интерлейкины (interleukins)
IL-6,Интелейкин-6
IMAP,Анализ поляризации флуоресценции на основе сродства ионов
IMDC,"International metastatic renal cell carcinoma database consortium, международный консорциум по лечению метастатического рака почки"
IND,Investigational new drug
INF,Интерферон
INSTI/ИПЦИ,Ингибитор переноса цепи интегразы
IP,Иммунопреципитация
IP,Рецептор простациклина (prostaglandin i2 receptor)
IPSS-R,"Revised international prognostic scoring system, пересмотренная интернациональная прогностическая шкала"
IQR,Межквартильный диапазон
IQR,Межквартильный размах
IR,Немедленное высвобождение (immediate release)
IRR,Коэффициент инцидентности (incident rate ratio)
ISR,Скорость секреции инсулина
ISR/G,Скорость секреции инсулина с поправкой на глюкозу
ITT,Выборка «по назначенному лечению» (intent-to-treat)
ITT,Популяции по назначенному лечению
ITT,"Популяция пациентов, получившая хотя бы 1 дозу исследуемого препарата (intention to treat population)"
ITT-популяция,Популяция всех рандомизированных пациентов (intention-to-treat)
IUPAC,Международный союз теоретической и прикладной химии (international union of pure and applied chemistry)
IWCLL,Критерии международного семинара по хроническому лимфоцитарному лейкозу
Ig,Иммуноглобулин
Ig,Иммуноглобулин (immunoglobulin)
IgA,Иммуноглобулин a
IgG,Иммуноглобулин g
JAK,Янускиназа (janus kinase)
JAK-киназы,"Janus activated kinases, янус-активированные киназы"
JAK1 и JAK2,Янус-киназа 1 и 2
Jak-2,"Janus kinase 2, янус-киназа 2 типа"
Jmax,"Максимальный поток, опосредованный переносчиком"
K-BILD,Краткий опросник кинга по интерстициальным болезням легких (king's interstitial lung disease questionnair)
KIТ,"Протоонкогенная тирозин-протеинкиназа, кодируется геном c-kit"
KLH,Гемоцианин лимфы улитки (keyhole limpet hemocyanin)
KRAS,"Протоонкоген, кодирующий мембранный белок, мутации в семействе белков ras"
Kd,Константа равновесной диссоциации
Kel,Константа скорости элиминации лекарственного вещества
Ki,"Inhibitory constant, константа ингибирования"
Ki,Константа ингибирования
Km,Константа михаэлиса
LAmB,Липосомальный амфотерицин в
LBQ657,"Sacubitriliat, активный метаболит сакубрила"
LC-MS/MS,"Liquid chromatography with tandem mass spectrometry, жидкостная хроматография с тандемной масс-спектрометрией"
LCX,Левая периферическая коронарная артерия
LD50,"50% lethal dose, среднелетальная доза"
LD50,Медианная летальная доза
LD50,Медианная летальная доза (median lethal dose)
LD50,"Показатель острой токсичности, доза вещества, которая вызывает гибель 50% всей экспериментальной популяции животных при любом пути его введения, за исключением ингаляционного"
LD50,Среднесмертельная доза
LD50,Среднесмертельная доза (median lethal dose)
LDH,Lactate dehydrogenase/лактатдегидрогеназа
LDV,Ледипасвир
LLNA,Оценка локальных лимфатических узлов
LLOQ,"Lower limit of quantitation, нижний предел количественного определения"
LLOQ,Нижний предел количественного определения
LNC,Пролиферативная реакция клеток лимфатических узлов
LOAEL,"Lowest-observed-adverse-effect level / наименьшая доза, оказывающая явное нежелательное действие"
LOAEL,"Минимальная доза препарата, приводящая к развитию наблюдаемых нежелательных явлений"
LOAEL,"Наименьшая доза, оказывающая явное нежелательное действие (lowest-observed-adverse-effect level)"
LOCF,"Last observation carried forward, использование последнего доступного (результата) наблюдения"
LOCF,"Анализ данных с учетом сведений о выбывших больных (last observation carried forward,)"
LOEL,"Минимальная доза, вызывающая обнаруживаемые эффекты"
LOEL,Наименьший наблюдаемый уровень воздействия
LOEL,Наименьший наблюдаемый уровень воздействия (lowest observed effect level)
LPV,Лопинавир
LPV/r,"Лопинавир, бустированный ритонавиром"
LPV/r,Лопинавир/ ритонавир
Lck,Лимфоцит-специфическая протеинтирозинкиназа
M,Самцы
M,Среднее арифметическое
M / MEAN,Среднее арифметическое
MACDP,Программа мониторинга врожденных пороков развития города атланта (metropolitan atlanta congenital defects program)
MACE,Категории серьезных неблагоприятных сердечно-сосудистых событий
MACE,Серьезные неблагоприятные сердечно-сосудистые события
MACE,Тяжелое нежелательное сердечно-сосудистое явление (major adverse cardiovascular event)
MACE,Тяжелые нежелательные сердечно-сосудистые явления (major adverse cardiac events)
MAO-B,Моноаминоксидаза b
MAPK,Митоген-активируемая протеинкиназа (mitogen-activated protein kinase)
MAPK,Митогенактивируемая киназа (mitogen-activated protein kinase)
MAPK,Митогенактивируемой киназы (mitogen-activated protein kinase)
MAT,"Субъекты, находящиеся на поддерживающей терапии при расстройстве, связанном с употреблением опиоидов"
MATE,Белок экструзии лекарственных препаратов и токсинов (multi-antimicrobial extrusion protein)
MATE,Мультирезистентный и токсина экструзии белок
MATE,Мультитранспортер  человеческих лекарственных препаратов и токсинов
MATE1,Белок множественной резистентности и выведения токсинов 1
MCH,Среднее содержание гемоглобина в эритроците
MCP-1,Моноцитарный хемотаксический белок-1 (monocyte chemotactic protein-1)
MD,"Mid-dose, средняя доза"
MDA,Малоновый диальдегид
MDCK,Клетки мадин-дарби почек собак (madin-darby canine kidney)
MDR,"Multidrug resistance proteins, белки множественной лекарственной устойчивости"
MDR,Ген множественной лекарственной устойчивости
MDRD,Изменения диеты при заболеваниях почек
MDRD,Модификация диеты при заболеваниях почек
MDRD,Рекомендуемая формула для определения скорости клубочковой фильтрации (modification of diet in renal disease)
MDZ,Мидазолам
MEAN,Среднее арифметическое
MED,Минимальная эффективная доза
MEK,Киназа митоген-активируемой протеинкиназы (mitogen-activated protein kinase kinase)
MEN2,Множественная эндокринная неоплазия 2-го типа
MER,"Протоонкогенная тирозин-протеинкиназа, кодируется геном mertk"
MF,"Вариант препарата, реализуемый на рынке"
MF,Матричный фактор
MHRD,Максимальная рекомендуемая человеку доза
MLR,Анализе смешанной лимфоцитарной реакции
MLR,Реакция смешивания лимфоцитов
MMAD,Масс-медианный аэродинамический диаметр (mass-median aerodynamic diameter)
MMC,Митомицин с
MMF,Микофенолата мофетил
MMRM,Модель смешанных эффектов для многократных измерений
MNC,Мононуклеарные клетки
MNLD,Maximum non-lethal dose (максимальная нелетальная доза)
MNLD,Максимальная нелетальная доза
MPA,Микофенолат натрия
MPE,Средний фотоэффект
MR,Модифицированное высвобождение (modified release)
MRHD,Максимальная рекомендуемая для человека доза (maximum recommended human dose)
MRHD,Максимальная рекомендуемая доза для человека
MRP,"Multidrug resistance-related protein, белок, связанный с множественной лекарственной устойчивостью"
MRP,Множественная лекарственная резистентность
MRP,"Протеин, связанный с множественной лекарственной устойчивостью (multidrug resistance-associated protein)"
MRT,"Mean residence time, среднее время пребывания в организме"
MRT,Среднее время пребывания в организме молекулы лекарственного вещества (mean residence time)
MRT,Среднее время удержания
MRT,Среднее время удерживания
MRT(0-24),Среднее время удерживания в течение 24 ч
MSDS,"Material safety data sheet, паспорт безопасности"
MSKCC,Мемориальный онкологический центр им. слоуна‒кеттеринга (memorial sloan–kettering cancer center)
MTD,Maximum tolerance dose/максимальная переносимая доза
MTD,"Maximum tolerated dose, максимальная переносимая доза"
MTD,Максимально толерантная доза
MVC,Маравирок
MedDRA,Medical dictionary for regulatory activities / медицинский словарь терминов нормативно-правовой деятельности
MedDRA,Медицинский словарь для нормативно-правовой деятельности
MedDRA,Медицинский словарь нормативно-правовой деятельности (medical dictionary for regulatory activities)
MedDRA,Международный медицинский словарь нежелательных реакций
MedDRA,"Международный словарь нежелательных реакций, возникающих при применении лекарственных препаратов для медицинского применения"
MЛВ,Межлекарственное взаимодействие
N.c.,Не рассчитано (not calculated)
NAC,N-ацетилцистеин
NADPH,Никотинамиддинуклеотидфосфат
NAPSI,Индекс тяжести псориаза ногтей (nail psoriasis severity index)
NAPSI100,100% улучшение по индексу тяжести псориаза ногтей (nail psoriasis severity index)
NAPSI50,50% улучшение по индексу тяжести псориаза ногтей (nail psoriasis severity index)
NAPSI75,75% улучшение по индексу тяжести псориаза ногтей (nail psoriasis severity index)
NCI,National cancer institute / национальный институт рака
NCI,Комплексная информация о раке
NCI,Национальный институт рака (national cancer institute)
NCI CTCAE,Общие терминологические критерии нежелательных явлений национального института онкологии сша (national cancer institute common terminology criteria for adverse events)
NCI-ODWG,"Национальный институт онкологии, рабочая группа по нарушению функции органа (national cancer institute classifications for hepatic dysfunction)"
NEP,Неприлизин
NF-kB (RANK),Рецептор-активатор ядерного транскрипционного фактора
NF-κB,"Транскрипционный фактор (ядерный фактор «каппа-би»),   nuclear factor kappa-light-chain-enhancer of activated b cells"
NFV,Нелфинавир
NHE,Na+/h+-обменники
NHS,N-гидроксисукцинимид
NHS,Нормальной человеческой сыворотки
NIH,"National institutes of health, национальный институт здоровья"
NK,Естественные киллеры
NK,Естественный киллер (natural killer)
NK,Натуральные киллеры
NK2,Рецептор тахикининов типа 2
NO,Оксид азота
NOAEL,"No observed adverse effect level / максимальная доза препарата, не приводящая к развитию наблюдаемых нежелательных эффектов"
NOAEL,"No observed adverse effect level, максимальная доза препарата, не приводящая к развитию наблюдаемых нежелательных эффектов"
NOAEL,"No observed adverse effect level/максимальная доза, не вызывающая обнаруживаемого вредного воздействия"
NOAEL,"Доза препарата, не приводящая к развитию наблюдаемых нежелательных явлений."
NOAEL,"Доза, не оказывающая видимого нежелательного эффекта"
NOAEL,"Доза, не оказывающая наблюдаемого нежелательного эффекта"
NOAEL,"Доза, не оказывающая явного нежелательного действия (no observed adverse effect level)"
NOAEL,"Максимальная доза препарата, не приводящая к развитию наблюдаемых нежелательных эффектов (no adverse event level)"
NOAEL,"Максимальная доза, не вызывающая обнаруживаемого вредного воздействия на здоровье человека"
NOAEL,"Максимальная доза, не оказывающая явного нежелательного эффекта"
NOAEL,Уровень отсутствия наблюдаемого неблагоприятного воздействия
NOAEL,"Уровень препарата, при котором не наблюдается неблагоприятного воздействия"
NOEC,"Концентрация, не вызывающая видимых отрицательных эффектов"
NOEL,"No observed effect level, максимальная доза препарата, не приводящая к развитию наблюдаемых эффектов"
NOEL,Доза без наблюдаемого эффекта (no observable effect level)
NOEL,"Доза, не вызывающая наблюдаемых эффектов"
NOEL,Максимальная доза без наблюдаемых эффектов
NOEL,Максимальная недействующая доза (no observed effect level)
NOEL,Уровень отсутствия наблюдаемого воздействия
NOEL,"Уровень, при котором не наблюдается воздействия (уровень отсутствия наблюдаемых побочных эффектов; no observed effect level)"
NPH,Человеческий инсулин нейтрал протамин хагедорн
NPR,"Natriuretic peptide receptor, натрийуретический рецептор"
NPY,Нейропептид y
NR,Нейтральный красный
NRAS,"Онкоген n-ras, кодирующий мембранный белок, мутации в семействе белков ras"
NRS,Числовая шкала оценки зуда
NRVM,Миоциты желудочков новорожденных крыс
NS3/4A,Неструктурный белок 4а
NS5A,Неструктурный белок 5а
NSAA,Нестероидный антиандогенный препарат (nonsteroidal antiandrogen)
NSTEMI,"Non-st-elevation myocardial infarction, инфаркт миокарда без подъема сегмента st"
NT-proBNP,N-концевой фрагмент предшественника мозгового натрийуретического пептида
NT-proBNP,N-терминальный фрагмент предшественника мозгового натрийуретического пептида (n-terminal pro-brain natriuretic peptide)
NTDT,"Non-transfusion-dependent thalassemias, талассемии, не зависящие от переливания крови"
NTEL,"No toxic effect level, уровень препарата без токсического эффекта"
NVP,Невирапин
NYHA,Нью-йоркская ассоциация кардиологов
NYHA,Нью-йоркской кардиологической ассоциации (new york heart association)
NZW,Белые новозеландские (кролики) (new zealand white)
Numb-associated kinase,Члены семейства нечувствительных киназ
O2,Молекулярный кислород
OARAC,Консультативный совет сша по исследованиям в области спид (the office of aids research advisory council)
OAT,Белок-переносчик органических анионов (organic anion transporter)
OAT,Транспортер органических анионов (organic anion transporter)
OAT,Транспортеры органических анионов
OAT1,Транспортер органических анионов 1
OATP,"Organic anion transport protein, транспортный полипептид органических анионов"
OATP,"Полипептид, переносящий органические анионы"
OATP,"Полипептид, транспортирующий органические анионы (organic anion-transporting polypeptide)"
OATP,Полипептидный переносчик органических анионов (organic anion transporting polypeptide)
OATP,Транспортеры органических анионов
OATP,Транспортный полипептид органических анионов (organic anion transporting polypeptide)
"OATP1B1, OATP1B3","Ингибиторы полипептидов 1b1 и 1b3, переносящих органические анионы"
OCT,"Organic cation transporter, транспортер органических катионов"
OCT,Белки-переносчики органических катионов (оrganic cation transporter)
OCT,Белок-переносчик органических катионов (organic cation transporter)
OCT,Транспортер органических катионов
OCT,Транспортеры органических катионов
OCT2,Переносчик органических катионов 2 (organic cation transporter 2 )
OR,Отношение шансов (odds ratio)
OS,Общая выживаемость
OVA,Овальбумин
P-gp,P-гликопротеин
P-gp,P-гликопротеин (p-glycoprotein)
P-gp,Гликопротеин р
P-gp,Р-гликопротеин
PAI-1,Ингибитор активатора плазминогена
PAQLQ,Опросник оценки качества жизни - детская версия опросника aqlq
PARP,Поли (адф-рибоза)-полимераза
PASI,Улучшение индекса площади и тяжести псориаза (psoriasis area and severity index)
PASI75,75% улучшение индекса площади и тяжести псориаза (psoriasis area and severity index)
PAWP,Давление заклинивания в легочной артерии (pulmonary arterial wedge pressure)
PBMC,Мононуклеарные клетки периферической крови (peripheral blood mononuclear cells)
PBMC,Мононуклеарные клетки периферической крови человека
PBMC,Мононуклеарных клеток периферической крови
PBPK,"Physiologically based pharmacokinetic modelling, физиологически обоснованное фармакокинетическое моделирование"
PBPK,Физиологически обоснованное фармакокинетическое моделирование
PBT,"Стойкие, биоаккумулятивные токсичные вещества"
PCA,Пассивная кожная анафилаксии (passive cutaneous anaphylaxis)
PCSA,Возможно клинически значимое отклонение
PCWG2,Рабочая группа 2 по клиническим исследованиям рака предстательной железы (prostate cancer clinical trials working group 2)
PD-1,Белок запрограммированной гибели клеток-1 (programmed cell death protein-1)
PD-L1,Лиганд запрограммированной смерти-1 (programmed death ligand-1)
PD/ ФД,Фармакодинамика
PDGFR,"Platelet derived growth factor receptor, рецептор тромбоцитарного фактора роста"
PDGFR,"Platelet derived growth factor receptor, рецепторы фактора роста тромбоцитов"
PDGFR,Рецептор тромбоцитарного фактора роста
PDGFR,Рецепторы к тромбоцитарному фактору роста α (platelet-derived growth factor receptor-α)
PEP,Первичная конечная точка оценки эффективности и переносимости
PGA,Общая оценка врачом (physician’s global assessment)
PHD,"Prolyl hydroxylase domain (enzyme), (белок) пролилгидроксилазного домена"
PHE,Фенилэфрин
PI3K,Фосфоинозитол-3-киназа (phosphoinositide 3-kinase)
PIB,Пибрентасвир
PIF,Коэффициент фотораздражения
PK/ ФК,Фармакокинетика
PKB,"Protein kinase b, протеинкиназа тип в"
PND,Поснатальный день
PP,"Population per-protocol, популяция “по протоколу”"
PP,"Пациенты, завершившие исследование по протоколу (per protocol)"
PPAR-γ,"Рецепторы, активируемые пероксисомными пролифераторами"
PQ,Интервал между волной r и интервал qrs сердечного ритма на электрокардиограмме
PR,Рецепторы прогестерона (progesterone receptor)
PRL,Пролактин (prolactin)
PSADT,Время удвоения простатспецифического антигена
PSS,"Phenotypic susceptibility score, оценка фенотипической восприимчивости"
PT,Предпочтительный термин (preferred term)
PT,Термин предпочтительного употребления (preferred term)
PTEN,"Фосфатаза с двойной субстратной специфичностью, продукт гена (phosphatase and tensin homolog deleted on chromosome)"
PTLD,Посттрансплантационный лимфопролиферативный синдром
PVR,Легочное сосудистое сопротивление (pulmonary vascular resistance)
PWID,"Субъекты, употребляющих инъекционные наркотики"
PXR,Прегнан-x-рецептор (pregnan-x-receptor)
PXR,Рецептор прегнана x
PYE,Пациенто-лет воздействия
PgR,Прогестероновый рецептор (progesterone receptor)
PgR+,Позитивная по рецептору прогестерона [опухоль]
Pgp,P-гликопротеин
Pgp,Protein gen product/белковый гликопротеин
Ph,"Philadelphia chromosome, «филадельфийская» хромосома"
Ph+,"Клетки, содержащие филадельфийскую хромосому"
PtGA,Шкала общей оценки пациентом заболевания (patient global assessment of disease)
Ptch1,12-сегментный трансмембранный рецептор patched
QD,Ежедневно
QLQ,Опросник для оценки качества жизни (quality of life questionnaire)
QRS,"Желудочковый комплекс, который регистрируется во время возбуждения желудочков сердца на электрокардиограмме"
QT,Расстояние от начала комплекса qrs до завершения зубца t
QT,Расстояние от начала комплекса qrs до завершения зубца t на электрокардиограмме
QTcB,"Ширина интервала qt, скорректированная по формуле базетта"
QTcF,"Qt- интервал, скорректированный по формуле fredericia"
QTcF,"Интервал qt, скорректированный с использованием формулы фредеричиа"
QTcF,"Ширина интервала qt, скорректированная по формуле фридеричии"
QWBA,Количественная авторадиография всего тела
RAL,Ралтегравир
RAP,Популяция анализа резистентности
RAS,Малый g-белок (rat sarcoma virus)
RAV,"Вариант, ассоциированный с резистентностью"
RAV,"Вариант, связанный с резистентностью"
RBC,Эритроцит
RBV,Рибавирин
RDW,Ширина распределения эритроцитов
RECIST,Критерии recist– критерии ответа солидных опухолей на терапию (response evaluation criteria in solid tumors)
RECIST,Критерии оценки ответа при солидных опухолях
RECIST,Критерии оценки ответа при солидных опухолях (response evaluation criteria in solid tumors)
RECIST,Критерииоценкиответасолидныхопухолей (response evaluation criteria in solid tumours)
RF,Ревматоидный фактор
RGS2,Регулятор передачи сигналов g-белка 2
RIF,Рифампин
ROS,"Reactive oxygen species, активные формы кислорода"
ROS1,"Протоонкогенная тирозин-протеинкиназа ros, кодируется геном ros1"
RPV,Рилпивирин
RQ,Дыхательный коэффициент
RR,Относительный риск (relative risk)
RR,Отношение рисков (risk ratio)
RR,Отношение рисков/ отношение долей (risk ratio/ rate ratio)
RSD,"Residual standard deviation, остаточное стандартное отклонение"
RSV,Респираторно-синцитиальный вирус
RT,Обратная транскриптаза
RT,Обратная транскриптаза (reverse transcriptase)
RTV,Ритонавир
"RTV, r",Ритонавир
RW,Реакция вассермана
Rac,Значения индекса накопления
Rac,Коэффициент накопления
Ras,"Retrovirus-associated sarcoma gene, ген, связанный с саркомой, вызываемой ретровирусом у крыс"
RdRp,Рнк-зависимая рнк полимераза
RЕТ,"Тирозинкиназный рецептор,, локализован на хромосоме 10 (10q11.2) (rearranged during transfection)"
SALT,Шкала оценки степени тяжести алопеции
SARS-CoV-2,"Новый коронавирус, вызвавший пандемию covid-19"
SCAR,"Severe cutaneous adverse reaction, серьезные кожные нежелательные реакции"
SCF,Фактор стволовых клеток (stem cell factor)
SCID,Тяжелый комбинированный иммунодефицит
SCORE,10-летний абсолютный риск фатальныхсердечно-сосудистых осложнений для лиц в возрасте 40-65 лет (systematic coronary risk evaluation)
SD,Sprague dawley - линия беспородных крыс-альбиносов
SD,Спрег-доули (sprague dawley) (крыса)
SD,Среднеквадратичное (стандартное) отклонение
SD,Стандартное отклонение
SDAI,Упрощенный индекс активности болезни
SDF,Фактор стромальных клеток (stromal cell-derived factor)
SE,Стандартная ошибка
SEM,"Standard error of mean, стандартная ошибка среднего"
SEM,Стандартная ошибка среднего
SF-36,"Краткая форма шкалы оценки качества жизни, состоящей из 36 пунктов (short form 36 item)"
SF-36v2,"Краткая форма шкалы оценки качества жизни, состоящей из 36 пунктов версия 2 (short form item 36 version 2)"
SGLT-2,Ингибиторы натрий-глюкозного контранспортера
SGLT1,Натрий-глюкозный котранспортер 1-го типа
SGLT2,Ингибиторы натрий-глюкозного контранспортера (sodium-glucose cotransporter-2 inhibitors)
SGLT2,Натрий-глюкозный котранспортер 2-го типа
SGRQ,Анкета госпиталя святого георга для оценки дыхательной функции (saint george’s respiratory questionnaire)
SJS,Синдром стивенса-джонсона
SLD,Сумма наибольших диаметров
SMO,7-сегментый трансмембранный белок smoothend
SMQ,Стандартизованный запрос по терминам meddra (standardized meddra query)
SNP,Однонуклеотидный полиморфизм
SOC,Класс системы органов (system organ class)
SOC,Системно-органный класс (system organ class)
SOC,Системный органный класс (system organ class)
SOD,Супероксиддисмутаза
SOF,Софосбувир
SQV,Саквинавир
SQV/r,Саквинавир/ ритонавир
SSC,Подсчет импульсов в твердой фазе (solid scintillation counting)
STAT,"Signal transducer and activator of transcription, семейство сигнальных белков и активаторов транскрипции"
STAT,Передатчик сигнала и активатор транскрипции (signal transducers and activators of transcription)
STAT,Переносчик сигнала и активатор транскрипции (signal transducer and activator of transcription)
STEMI,"St-elevation myocardial infarction, инфаркт миокарда с подъемом сегмента st"
STZ,Стрептозотоцин
SUCRA,Поверхность под кривой совокупного ранжирования (surface under the cumulative ranking)
SVR12,Устойчивый вирусологический ответ через 12 недель после прекращения лечения
SYE,Пациенто-лет применения препарата
Src,Протоонкогенная протеинтирозинкиназа
SТАТ,Транспортеры сигнала и активаторы транскрипции
T-20,Энфувиртид
T/C,Тест/контроль
T1/2,Период полувыведения
T1/2,Период полувыведения из плазмы крови
T1/2,Период полувыведения]
T1/2β,Терминальный период полувыведения
TAC,Такролимус
TAF,Тенофовир алафенамид
TAF,Тенофовира алафенамида фумарат
TBDR,Реестр врожденных дефектов техаса (texas birth defects registry)
TBF,Тканевой кровоток
TC50,Средняя токсическая концентрация
TDAR,Первичный t-клеточный иммунный ответ
TDF,Тенофовир
TDF,Тенофовира дизопроксил фумарат
TDR,Трансмуральная дисперсия реполяризации (transmural dispersion of repolarisation)
TE-PRS,"Пациенты, ранее получавшие лечение"
TEAE,"Нежелательные явления, возникшие во время лечения, нежелательные явления, отсутствовавшие до начала лечения, или уже имеющиеся явления, интенсивность или частота которых ухудшаются после лечения"
TEL,"Translocated ets (e26 transformation-specific) leukemia, транскрипционный фактор трансформации e26, связанный с развитием лейкемии"
TERT,"Теломераза обратная транскриптаза, ген, кодирующий белок (telomerase reverse transcriptase)"
TFPI,"Tissue factor pathway inhibitor, ингибитор пути тканевого фактора"
TFV,Тенофовир
TGA,Австралийская администрация лекарственных средств
TGF,"Transforming growth factor, трансформирующий фактор роста"
TGFβ1,Трансформирующий фактор роста бета (transforming growth factor beta)
TGI,"Tumor growth inhibition, ингибирование опухолевого роста"
TGI,Ингибирование роста опухоли
TIMP,Ингибитор металлопротеиназы
TKI,"Tyrosine kinase inhibitor, ингибитор тирозинкиназы"
TKI,Ингибиторы тирозинкиназы (tyrosine kinase inhibitors)
TLOVR,Время до потери вирусологического ответа
TLR,Toll-подобные рецепторы
TLR4,Толл-подобный рецептор 4
TN,"Пациенты, ранее не получавшие лечения"
TNF,"Tumor necrosis factor, фактор некроза опухоли"
TNF,Фактор некроза опухоли
TNF-α,Фактор некроза опухоли-α (tumour necrosis factor-α)
TPGS,Токоферилполиэтиленгликольсукцинат
TPO,Тромбопоэтин (thrombopoietin)
TPO-R,Рецептор тромбопоэтина (thrombopoietin receptor)
TRKB,"Киназа рецептора тропомиозина b, кодируется геном ntrk2 (tropomyosin receptor kinase)"
TSC,"Tuberosis sclerosis (complex), туберозный склероз"
TTF,Время до неэффективности лечения
TTP,Время до прогрессирования заболевания (time to progression)
TYR03,"Протоонкогенная тирозин-протеинкиназа tyro3, кодируется геном tyro3"
TZD,Тиазолидиндионы
Tg,Трансгенный (transgenic)
Th17,Т-хелперные клетки типа 17
Tlag,Время задержки абсорбции
Tlast,Время отбора последнего биообразца
Tmax,Время достижения максимальной концентрации
Tmax,Время достижения максимальной концентрации (time of maximum concentration)
Tmax,Время достижения максимальной концентрации в плазме крови
Tmax,Время достижения максимальной концентрации вещества в плазме крови
Tmax,Время достижения максимальной концентрации лекарства в плазме
Tmax,Время достижения максимальной концентрации лекарственного вещества
Tmax,Время достижения максимальной концентрации препарата в плазме крови
Tmax,Время достижения максимальной концентрации/активности
Tmax,Время достижения максимальной концентрация в крови
Tp-Te,Время от пика до конца зубца
TyK2,Тирозинкиназа 2 (tyrosine kinase 2)
UACR,Соотношение альбумина и креатинина мочи
UDP-GT,Уридин-5'-дифосфоглюкуронозилтрансфераза (uridine 5'-diphospho-glucuronosyltransferase)
UDPGA,Уридиндифосфат глюкуроновой кислоты
UGE,Экскреция глюкозы с мочой (urinary glucose excretion)
UGT,Udp-глюкуронозилтрансфераза
UGT,Удф-глюкуронозилтрансфераза
UGT,Уридин-5’-дифосфо-глюкуронозилтрансфераза (uridine 5'-diphospho-glucuronosyltransferase
UGT,Уридинглюкуронозилтрансфераза
UGT,Уридиндифосфат-глюкуронозилтрансфераза
UGT,Уридиндифосфатглюкуронилтрансфераза (uridine 5'-diphospho-glucuronosyltransferase)
UGT,Уридиндифосфатглюкуронилтрансфераза (uridine diphosphate glucuronosyltransferase)
UGT1A1,Udp-глюкуронозилтрансфераза 1a1
UGT1A1,Уридин-5-дифосфат глюкуронозил трансфераза 1a1
ULN,Верхняя граница нормы согласно данным испытательной лаборатории
URT,"Unique recombinant forms, уникальные рекомбинантные формы"
UV-LLNA,"Ultra violet local lymph node assay, метод локальных лимфатических узлов при ультрафиолетовом облучении"
V/F,Кажущийся объем распределения
V/F,Объем распределения вещества при внесосудистом введении
V1,Кажущийся объем распределения в центральном компартменте
V2,Кажущийся объем распределения в периферическом компартменте
V2/F,Объем распределения
V2/F,Объем распределения в периферическом компартменте при пероральном приеме
VCAM-1,Молекула адгезии сосудистого эндотелия-1
VEGF,"Vascular endothelial growth factor, фактор роста эндотелия сосудов"
VEGF,Фактор роста эндотелия сосудов (vascular endothelial growth factor)
VEGFR,"Vascular endothelial growth factor receptor, рецептор фактора роста эндотелия сосудов"
VEGFR,Рецептор фактора роста эндотелия сосудов (vascular endothelial growth factor receptor)
VSS,Кажущийся объем распределения
Vc/F,Кажущийся объем распределения в центральном компартменте
Vc/F,Объем центрального распределения
Vd,Гипотетический объем распределения
Vd,Кажущийся объем распределения
Vd,Объем распределения
"Vd,ss/F",Кажущийся объем распределения в равновесном состоянии
Vd/F,Кажущийся объем распределения
Vdss,Объем распределения в равновесном со
Vdss,Объем распределения в равновесном состоянии
Vdss,Стационарный объем распределения
Vdβ,Кажущийся объем распределения
Vp/F,Кажущийся объем распределения в периферическом компартменте
Vs.,Против
Vss,Кажущийся объем распределения
Vss,Кажущийся равновесный объём распределения
Vss,Объем распределения
Vss,Объем распределения в равновесном состоянии
Vss,Объем распределения в стационарном состоянии
Vz / Fss,Средний кажущийся объем распределения в равновесном состоянии
Vz/F,"Объем распределения, связанный с терминальной фазой"
WCAW,Неделя хорошо контролируемой астмы (well-controlled asthma week)
WH,[крысы линии] wistar hannover
WHO/ВОЗ,Всемирная организация здравоохранения
WMD,Средневзвешенное различие (weighted mean difference)
WPAI-UC,Опросник нарушения трудоспособности и повседневной деятельности (work productivity and activity impairment)
WT,Дикий тип
WU,Единицы вуда (wood units)
ZDF,Крысы с диабетом и ожирением (zucker diabetic fatty rat)
ZDV,Зидовудин
ZF,Тучные крысы цукера
a-SMA,A-гладкомышечный актин
c-Kit,Белковая тирозинкиназа kit
c-Met,"Рецепторная тирозинкиназа, принадлежащую к семейству met (трансформирующий ген mnng hos)"
ddI,Диданозин
dp/dt,Скорость нарастания давления в левом желудочке в ранней фазе систолы
eGFR,Рассчитанная скорость клубочковой фильтрации
eGFR,Рецептор эпидермального фактора роста
eNOS,Эндотелиальной синтаза оксида азота(endothelial nitric oxide synthase)
e’,Максимальная скорость подъёма основания сердца в раннюю диастолу
fu,"Доля лекарственного средства, не связанная с белками плазмы"
fu,Несвязанная фракция
fu,Степень кумуляции
fu,Фракция несвязанного ривароксабана
fumic,"Фракция, не связанная в микросомах."
gCV,Геометрический коэффициент вариации
hBMNC,Мононуклеарные клетки костного мозга человека (human bone marrow mononuclear cells)
hCES,Рекомбинантные человеческие ферменты-карбоксилэстеразы (human recombinant carboxylesterases)
hERG,"Human ether-à-go-go-related gene, ген специфических калиевы auc(0-inf) х каналов сердца"
hERG,"Human ether-à-go-go-related gene, ген специфических калиевых каналов сердца"
hERG,Ген специфических калиевых каналов сердца
hERG,Ген специфических калиевых каналов сердца (human ether-a-go-go related gene)
hERG,Ген специфических калиевых каналов сердца человека (human ether-a-go-go related gene)
hERG,Ген специфических калиевых каналов сердца человека (human ether-à-go-go related gene)
hERG,Ген специфичных калиевых каналов сердца человека
hERG,"Ген, который кодирует α-субъединицу специфических калиевых каналов сердца человека (human ether-a-go-go related gene)"
hERG,Специфические калиевые каналы сердца человека (human ether-a-go-go related)
"hOAT1, hOAT3",Органические переносчики анионов
hOAT3,Транспортер органических анионов человека третьего типа
hPASMC,Клетки гладкой мускулатуры легочной артерии человека (human pulmonary artery smooth muscle cells)
ka,Константа скорости всасывания первого порядка
mRSS,Кожный индекс по роднану
mTOR,"Mammalian target of rapamycin, мишень рапамицина у млекопитающих"
mTOR,Мишень рапамицина у млекопитающих (mammalian target of rapamycin)
mTSS,Модифицированная общая оценка sharp
mTSS,Модифицированный счет шарпа (total sharp score)
n,Число наблюдений
n-3 ПНЖК,Омега-3 полиненасыщенные жирные кислоты
pEGFR,Фосфорилированный рецептор эпидермального фактора роста (phosphorylated epidermal growth factor receptor)
pH,Водородный показатель
pKa,Константа диссоциации
pRb,Белокретинобластомы (retinoblastoma-associated protein)
peg-IFN,Пегилированный интерферон альфа-2b
t1/2,Конечный период полувыведения
t1/2,Период полувыведения
tmax,Время достижения максимальной концентрации
vWF,Фактор фон виллебранда
α,Граничная величина ошибки первого рода (уровень значимости)
α1-AGP,Α1-кислый гликопротеин
β,Граничная величина ошибки второго рода
β-NAG,N-ацетилглюкозаминидаза
β-АБ,Β-адреноблокаторы
"γ-ГТ, ГГТ",Гаммаглутамилтранспептидаза
А,Пик скорости фазы систолы предсердий
АDO,"8-амино-3,6-диоксаоктановая кислота"
АА,Апластическая анемия
ААГ,Α1-кислый гликопротеин
ААК1,Ар2-ассоциированной протеинкиназе 1
ААТ,Антиандрогенная терапия
ААТ,Антитромбоцитарные антитела
АБФ,"Активированный белок фибробластов (fibroblast activation protein, fap)"
АВК,Антагонист витамина к
АВК,Антагонисты витамина к
АВС,Активированное время свертывания
АГ,Артериальная гипертензия
АГ,Артериальная гипертения
АГЗ,Ассоциированное гематологическое заболевание
АГЗ НТК,Ассоциированное клональное гематологическое заболевание не тучных клеток
АГП,Α1-кислый гликопротеин
АД,Артериальное давление
АД,Атопический дерматит
АДА,Американская диабетическая ассоциация
АДБ,Анемия даймонда-блэкфена
АДТ,Андроген депривационная терапия
АДФ,Аденозиндифосфат
АДФ,Аденозиндифосфорная кислота
АДФ,Аденозиндифосфорная кислота/ аденозиндифосфат
АДФ,Аденозинтрифосфат
АЗКЦ,Антителозависимая клеточно-опосредованная цитотоксичность
АКМ,Соотношение экскреции альбумин/креатинин в моче
АКТГ,Адренокортикотропный гормон
АКШ,Аортокоронарное шунтирование
АЛТ,Аланинаминотрансфераза
АЛТ,Аланинаминотрасфераза
АЛТ,Аланинминотрансфераза
АЛТ,Аланинтрансаминаза
АЛТ,Аланинтрансфераза
АЛТР,Антагонисты лейкотриеновых рецепторов
АМКР,Антагонисты минералокортикоидных рецепторов
АМЛ,Ангиомиолипома
АМР,Антагонист минералокортикоидного рецептора
АМР,Антагонисты минералкортикоидных рецепторов
АМФ,Аденозинмонофосфат
АО,Акционарное общество
АО,Акционерное общество
АПФ,Ангиотензинпревращающий фермент
АР,Андрогенный рецептор
АРА,Антагонисты рецепторов ангиотензина ii
АРВП,Антиретровирусные препараты
АРМЭ,"Процессы абсорбции, распределения, метаболизма и элиминации"
АРНИ,Ангиотензиновых рецепторов и неприлизина ингибитор
АРТ,Антиретровирусная терапия
АРТ/АРВТ,Антиретровирусная терапия
АС,Анкилозирующий спондилоартрит
АСА,Активная системная анафилаксия
АСК,Ацетилсалициловая кислота
АСМ,Агрессивный системный мастоцитоз
АСРА,Антитела к циклическому цитруллинсодержащему пептиду
АССЗ,Атеросклеротические сердечно-сосудистые заболевания
АСТ,Аспартатааминотрансфераза
АСТ,Аспартатаминотрансмфераза
АСТ,Аспартатаминотрансфераза
АСТ,Аспартатаминотрасфераза
АТ III,Антитромбин iii
АТ-II,Ангиотензин ii
АТФ,Аденозинтрифосфат
АТФ,Аденозинтрифосфорная кислота
АТХ,Анатомическая терапевтическая химическая классификация
АТХ,Анатомо-терапевтическая концентрация
АТХ,Анатомо-терапевтическая химическая классификация
АТХ,Анатомо-терапевтическо-химическая классификация
АТХ,Анатомо-терапевтическо-химическая классификация лекарств
АФП,Альфа-фетопротеин
АФС,Активная фармацевтическая субстанция
АЦ,Аденилатциклаза
АЧН,Абсолютное число нейтрофилов
АЧТВ,Активированное частичное тромбопластиновое время
Алло-ТГСК,Аллогенная трансплантация гемопоэтических стволовых клеток
Анти-HCV,Специфические иммуноглобулины классов igm и igg к белкам вируса гепатита с
АпоВ,Аполипопротеин b
АпоЕ,Аполипопротеин e
АрГПП-1,Агонисты рецепторов глюкагоноподобного пептида 1
БА,Бронхиальная астма
БАД,Биологически активная добавка
БАК,Биохимические анализы крови
БАК,Биохимический анализ крови
БАЛЖ,Бронхоальвеолярная лаважная жидкость
БИ,Брошюра исследователя
БКК,Блокаторы кальциевых каналов
БКР,Базальноклеточный рак кожи
БЛНПГ,Блокада левой ножки пучка гиса
БМАРП,Болезньмодифицирующие антиревматические препараты
БМО,Большой молекулярный ответ
БПВ/PFS,Беспрогрессивная выживаемость
БРА,Блокатор рецептора ангиотензина
БРА,Блокаторы рецепторов ангиотензина ii
БРВ,Безрецидивная выживаемость
БРРМЖ,Белок резистентности рака молочной железы
БСК,Болезни системы кровообращения
БТК/BTK,Тирозинкиназа брутона
БЦО,Большой цитогенетический ответ
БЭ,Биоэквивалентность
БЭ,Биоэквивалетность
В. квартиль,Верхний квартиль
ВIКЕ,Вмр-2-индуцибельной киназа
ВА,Биодоступность
ВААРТ,Высокоактивная антиретровирусная терапия
ВАБ,Выборка для анализа безопасности
ВАШ,Визуальная аналоговая шкала
ВБИЗ,Выживаемость без инвазивного заболевания
ВБМ,Выживаемость без метастазирования
ВБМ,Выживаемость без метастазов
ВБП,Выживаемость без прогрессирования
ВБП,Выживаемость без прогрессирования заболевания
ВБП,Выживание без прогрессирования заболевания
ВБП(з),Выживаемость без прогрессирования (заболевания)
ВВТТГ,Внутривенный тест толерантности к глюкозе
ВГ,Вирусный гепатит
ВГВ,Вирус гепатита в
ВГВ,Вирусный гепатит в
ВГВ/С,Вирусный гепатит в или с
ВГН,Верхняя граница нормы
ВГС,Вирус гепатита с
ВГС,Вирусный гепатит с
ВГТТ,Внутривенное болюсное введение глюкозы
ВДПЗ,Время до прогрессирования заболевания
ВЖД,Высокожировая диета
ВЖХ,Высокоэффективная жидкостная хроматография
ВИЧ,Вирус иммунодефицита человека
ВИЧ,Вирус имунодефицита человека
ВИЧ-1,Вирус иммунодефицита человека типа 1
ВКК,Верхний контроль качества
ВМС,Внутриматочная спираль
ВН,Вирусная нагрузка
ВН,Вирусологическая неэффективность
ВОЗ,Всемирная организации здравоохранения
ВОЗ,Всемирная организация здравоохранения
ВПЗ,Время до прогрессирования заболевания
ВПЗО,Вторичные первичные злокачественные опуходи
ВПКО,Верхний предел количественного определения
ВПН,Верхний предел нормы
ВС,Внутренний стандарт
ВТЭ,Венозная тромбоэмболия
ВТЭ,Венозные тромбоэмболии
ВТЭО,Венозное тромбоэмболическое осложнение
ВЧК,Внутричерепное кровоизлияние
ВЭЖК,Высокоэффективная жидкостная хроматография
ВЭЖК,Высокоэффективная жидкостная хроматография
ВЭЖХ,Высоко-эффективная жидкостная хроматография
ВЭЖХ,Высокоэффективная жидкостная хроматография
ВЭЖХ,Метод высокоэффективной жидкостной хроматографии
ВЭЖХ-МС,Метод высокоэффективной жидкостной хроматографии с масс-спектрометрией
ВЭЖХ-МС/МС,Высокочувствительный и селективный метод высокоэффективной жидкостной хроматографии и тандемной масс-спектрометрии
ВЭЖХ-МС/МС,Высокоэффективная жидкостная хроматография и тандемная масс-спектрометрия
ВЭЖХ-МС/МС,Высокоэффективная жидкостная хроматография с тандемной масс-спектрометрией
ВЭЖХ-МС/МС,Высокоэффективная жидкостная хроматография с тандемным масс-спектрометрическим детектированием
ВЭЖХ-МС/МС,Высокоэффективная жидкостная хроматография – масс-спектрометрия
ВЭЖХ/МС,Высокоэффективная жидкостная хроматография
ВЭЖХ/МС/МС,Высокоэффективная жидкостная хроматография с масс-спектрометрией
ВЭЖХ/МС/МС,Высокоэффективная жидкостная хроматография с тандемной масс-спектрометрией
ВдО,Время до ответа на лечение
ГАМК,Гамма-аминомасляная кислота
ГГН,Гипоталамо-гипофизарно-надпочечниковая система
ГГТ,Гамма-глутамилтранспептидаза
ГГТ,Гамма-глутамилтрансфераза
ГГТ,Гамма-глютамилтранспептидаза
ГИБП,Генно-инженерные биологические препараты
ГИП,Глюкозозависимый инсулинотропный пептид
ГИП,Глюкозозависимый инсулинотропный полипептид
ГИТ,Вызванная гепарином тромбоцитопения
ГИТ,Гепарин-индуцированная тромбоцитопения
ГК,Глюкокортикостероиды
ГК,Группа компаний
ГК,Крысы линии гото-какизаки
ГКС,Глюкокортикостероиды
ГЛФ,Готовая лекарственная форма
ГМ-КСФ,Гранулоцитарно-макрофагальный колониестимулирующий фактор
ГМГ-КоА,3-гидрокси-3-метилглутарил коэнзима а
ГМГ-КоА,Гидрокси-метилглютарил-кофермент а
ГМГ-КоА-редуктаза,3-гидрокси-3-метилглутарил-кофермент а редуктаза
ГМПЦ,Гидроксипропилметилцеллюлоза
ГОСТ,Государственный стандарт
ГПН,Глюкоза в плазме крови натощак
ГПН,Глюкоза плазмы натощак
ГПП,Глюкагоноподобный пептид
ГПП,Глюкоза в плазме натощак
ГПП-1,Глюкагон-подобный пептид-1
ГПП-1,Глюкагоноподобный пептид-1
ГПП-1,Глюкагоноподобный полипептид-1
ГПП-1Р,Рецептор к гпп-1
ГПТ,Глутамино-пировиноградная трансаминаза
ГПТ,Глутамино-пирувиновая трансаминаза
ГРГ,Гонадотропин-рилизинг-гормон
ГРЛС,Государственный реестр лекарственных средств
ГТ,Генотип
ГТГ,Гипертриглицеридемия
ГТТ,Глюкозотолерантный тест
ГУ,Гиперурикемия
ГФ,Государственная фармакопея
ГХ,Газовая хроматография
ГЦК,Гепатоцеллюлярная карцинома
ГЦР,Гепатоцеллюлярный рак
ГЭБ,Гематоэнцефалический барьер
ГЭС/ХЭЛ,Гиперэозинофильный синдром/хронический эозинофильный лейкоз
ГнРГ,Гонадотропин-рилизинг гормон
ДАД,Диастолическое артериальное давление
ДАТ,Двойная антиагрегантная терапия
ДБ,День беременности
ДБЛС,Департамент безопасности лекарственных средств
ДВККЛ,Диффузная в-крупноклеточная лимфома
ДГ,День гестации
ДГК,Докозагексаеновая кислота
ДГТ,Дигидротестостерон
ДД,Диастолическая дисфункция
ДДБА,Длительнодействующие β2–агонисты
ДДКР,Департамент доклинической и клинической разработки
ДДКР,Департамент доклинической разработки
ДИ,Доверительные интервалы
ДИ,Доверительный интервал
ДКИ,Доклиническое исследование
ДКТ,Длительная кислородотерапия
ДЛ,День лактации
ДЛП,Дислипидемии
ДЛТ,Дозолимитирующая токсичность
ДМ,Дерматомиозит
ДМСО,Диметилсульфоксид
ДН,Диабетическая нефропатия
ДНК,Дезоксирибонуклеиновая кислота
ДНФ,Динитрофенол
ДО,Длительность ответа
ДПД,Длительность потенциала действия
ДПП,Дипептидилпептидаза
ДПП-4,Дипептидилпептидаза-4
ДРЩЖ,Дифференцированный рак щитовидной железы
ДТ,Диспергируемые таблетки
ДЭ,Депрессивный эпизод
Е,Максимальная скорость раннего диастолического наполнения
ЕАЭС,Евразийский экономический союз
ЕМА,European medicines agency / европейское агентство по лекарственным средствам
ЕМА,Европейское медицинское агентство
ЕС,Европейский союз
ЕС,Евросоюз
ЕС50,Полумаксимальная эффективная доза
ЕЭК,Евразийская экономическая комиссия
Ед,Единицы
ЖА,Желудочковая аритмия
ЖКТ,Желудочно-кишечный тракт
ЖНВЛП,Жизненно необходимые и важнейшие лекарственные препараты
ЖНЛВП,Жизненно необходимые и важнейшие лекарственные препараты
ЖСС,Жидкостный сцинтилляционный счет
ЖСС,Жидкостный сцинтилляционный счетчик
ЖХ-МС,Жидкостная хромато-масс-спектрометрия
ЖХ-МС,Жидкостная хроматография с масс спектрометрией
ЖХ-МС,Жидкостная хроматография с тандемной масс-спектрометрией
ЖХ-МС/МС,Жидкостная хроматография и тандемная масс-спектрометрия
ЖХ-МС/МС,Жидкостная хроматография с тандемной масс-спектрометрией
ЖХ-МСМС,Жидкостная хроматография с тандемной масс-спектрометрией
ЖХ/МС/МС,Жидкостная хроматография-тандемная масс-спектрометрия
ЗД,Западная диета
ЗПТ,Заместительная почечная терапия
ЗРУ,Заявление на получение регистрационного удостоверения
ЗСТ,Заболевания соединительной ткани
ИА,Ингибитор ароматазы
ИА,Ингибиторы ароматазы
ИАЛ,Инвазивный аспергиллез легких
ИАПФ,Ингибиторы ангиотензинпревращающего фермента
ИАТ,Ингибирование агрегации тромбоцитов
ИБЛ,Интерстициальная болезнь легких
ИБЛ,Интерстициальные болезни легких
ИБС,Ишемическая болезнь сердца
ИВЛ,Искусственная вентиляция легких
ИГХ,Иммуногистохимический анализ
ИЗЛ,Интерстициальное заболевание легких
ИЗЛ,Интерстициальные заболевания легких
ИЗЛ-ССД,Интерстициальные заболевания легких при системной склеродермии
ИИ,Ингибитор интегразы
ИИ,Ингибиторы интегразы
ИИ,Ингибиторы интегразы вич
ИИП,Идиопатические интерстициальные пневмонии
ИК,Инфракрасный
ИКН,Ингибиторы кальциневрина
ИЛ,Интерлейкин
ИЛ-6,Интерлейкин 6
ИЛАГ,Идиопатическая легочная артериальная гипертензия
ИЛФ,Идиопатический легочный фиброз
ИМ,Инфаркт миокарда
ИМП,Инструкция к медицинскому применению
ИМП,Инструкция по медицинскому применению
ИМП,Инфекции мочевыводящих путей
ИМПП,Инструкция по медицинскому применению препарата
ИМТ,Индекс массы тела
ИМбпST,Инфаркт миокарда без подъема сегмента st
ИМпST,Инфаркт миокарда с подъемом сегмента st
ИОТ,Ингибитор обратной транскриптазы
ИП,Ингибитор протеазы
ИП,Ингибиторы протеазы
ИП,Ингибиторы протеазы вич
ИП,Истинная полицитемия
ИПП,Ингибитор протонной помпы
ИПП,Ингибиторы протонной помпы
ИПЦИ,Ингибитор переноса цепи интегразы
ИР,Инсулиновый рецептор
ИР,Инсулинорезистентность
ИРК,Индивидуальная регистрационная карта
ИС,Ингибитор слияния
ИС,Информированное согласие
ИСМ,Индолентный системный мастоцитоз
ИСТ,Иммуносупрессивная терапия
ИТК,Ингибитор тирозинкиназы
ИТК,Ингибиторы тирозинкиназ
ИТК,Ингибиторы тирозинкиназы
ИТК,Ингибиторы тирозинкиназы (tyrosine kinase inhibitor)
ИТП,Иммунная тромбоцитопения
ИФА,Иммуноферментный анализ
ИФА,Иммуноферментный анализ
ИФН,Интерферон
ИХТ,Иммунохимиотерапия
ИЦ,Исследовательский центр
Ингал.,Ингаляционный путь введения; в/в – внутривенный путь введения; п/о – пероральный путь введения; п/к – подкожный путь введения;
Кel,Константа скорости элиминации
КАК,Клинический анализ крови
КВ,Коэффициент вариации
"КВ, %",Коэффициент вариации
КГП,Кислотный гликопротеин
КДОЛЖ,Конечно-диастолический объем левого желудочка
КЖ,Качество жизни
КЖП,Канюлирование желчных протоков
КИ,Клинические исследования
КИ,Клиническое исследование
КИО,Контрактная исследовательская организация
КК,Клиренс креатинина
КК,Контроль качества
ККМГ,Каприлокапроилмакроголглицериды
КМ,Кожный мастоцитоз
КМД,Комитет по мониторингу данных
КПА,Кожная пассивная анафилаксия
КРР,Колоректальный рак
КРРПЖ,Кастрационно-резистентный рак предстательной железы
КС,Креатинин сыворотки
КСО,Классификация систем органов
КСО,Классы систем органов
КТ,Компьютерная томография
КТВР,Компьютерная томография высокого разрешения
КФД,Комбинация фиксированных доз
КлКп,Клиренс креатинина
ЛC,Лекарственное средство
ЛCР,Лекарственное средство
ЛАГ,Легочная артериальная гипертензия
ЛВ,Лекарственное взаимодействие
ЛВ,Лекарственные взаимодействия
ЛВП,Липопротеиды высокой плотности
ЛГ,Лютеинизирующий гормон
ЛГРГ,Лютеинизирующего гормона рилизинг-гормон
ЛГРГ,Лютеинизирующий гормон рилизинг гормона
ЛД50,"Летальная доза, вызывающая гибель 50% животных"
ЛД50,"Полулетальная доза (доза вещества, при введении которой наблюдается гибель 50% испытуемых особей за определенный период времени эксперимента)"
ЛДГ,Лактатдегидрогеназа
ЛДГ,Лактозодегидрогеназа
ЛЖ,Левый желудочек
ЛЖВ,"Люди, живущие с вич"
ЛКМ,Лимфома из клеток мантии
ЛМЗ,Лимфома маргинальной зоны
ЛМЛ,Лимфома из малых лимфоцитов
ЛП,Левое предсердие
ЛПВП,Липопротеиды высокой плотности
ЛПВП,Липопротеины высокой плотности
ЛПВП,Липопротеины низкой плотности
ЛПЛ,Липопротеинлипаза
ЛПНП,Липопротеиды низкой плотности
ЛПНП,Липопротеины низкой плотности
ЛПОНП,Липопротеины очень низкой плотности
ЛПП,Лекарственное поражение печени
ЛПУ,Лечебно-профилактическое учреждение
ЛС,Лекарственное средство
ЛСК,Лиганд-связывающий карман
ЛСР,Лекарственное средство
ЛСС,Легочное сосудистое сопротивление
ЛСЭСП,Лекарственная сыпь с эозинофилией и системных проявлениями
ЛТ,Лучевая терапия
ЛЭК,Локальный этический комитет
М,Моль/л
МА,Микроальбуминурия
МВ,Макроглобулинемия вальденстрема
МД,Медицинская дирекция
МДМА,Метилендиоксиметамфетамин
МДС,Миелодиспластический синдром
МДС,Миелодиспластический синдром;
МЕ,Международные единицы
МЗ,Министерство здравоохранения
МИК,Минимальная ингибирующая концентрация
МК,Мочевая кислота
МКД,Межквартальный диапазон
МКД,Межквартильный диапазон
МКЛ,Мантийноклеточная лимфомома
МКПК,Мононуклеарные клетки периферической крови
МКТ,Монокроталин
МЛВ,Межлекарственные взаимодействия
МЛЛ,Мелкоклеточная лимфоцитарная лимфома
МЛУ,Множественная лекарственная устойчивость
ММ,Множественная миелома
ММФ,Микофенолата мофетил
МНК,Мононуклеарные клетки
МНН,Международное непатентованное название
МНН,Международное непатентованное наименование
МНН,Международное непатентованное наименование
МНО,Международное нормализованное отношение
МО,Молекулярный ответ
МПД,Максимальная переносимая доза
МПД,Максимально переносимая доза
МПД,"Максимально переносимая доза (maximum tolerated dose, mtd)"
МПЗ,Миелопролиферативные заболевания
МПКТ,Минеральная плотность костной ткани
МПН,Миелопролиферативное новообразование
МПО,Максимальный переносимый объем
МРДЧ,Максимальная рекомендуемая доза для человека
МРДЧ,Максимально рекомендуемая для человека доза
МРДЧ,Максимально рекомендуемая доза для человека
МРЕ,Cредний фотоэффект (mean photo effect)
МРЛ,Местно-распространенный рак
МРТ,Магнитно-резонансная томография
МРЩЖ,Медуллярный рак щитовидной железы
МС,Метаболический синдром
МС НМГ,Международный стандарт низкомолекулярного гепарина
"МСР-1, МСР-2, МСР-3","Хемотаксический белок моноцитов 1, 2, 3"
МТХ,Метотрексат
МФК,Минимальная фунгицидная концентрация
МЦО,Малый цитогенетический ответ
МЭД,Минимально эффективная доза
Макс,Максимальное значение
Мин,Минимальное значение
Минздрав России,Министерство здравоохранения российской федерации
МкАТ,Моноклональные антитела
Н. квартиль,Нижний квартиль
Н2РА,Антагонисты гистамин-2-рецепторов
НbА1с,Гликированный гемоглобин
НАДФ,Никотинамидадениндинуклеотидфосфа́т
НАДФ,Никотинамидадениндинуклеотидфосфат
НАДФН,Никотинамидадениндинуклеотидфосфат
НВЛ,Неинвазивная вентиляция легких
НГЛТ-1,Натрий-глюкозный котранспортер 1-го типа
НГЛТ-2,Натрий-глюкозный котранспортер 2 типа
НГЛТ-2,Натрий-глюкозный котранспортер 2-го типа
НГН,Нарушение гликемии натощак
НГН,Нарушенная гликемия натощак
НГН,Нижняя граница нормы
НД,Нет данных
НД,Нормативная документация
НД,Нормативный документ
НИЗиП,Национальное исследование здоровья и питания
НИИ,Научно-исследовательский институт
НИОТ,Нуклеозидные ингибиторы обратной транскриптазы
НИОТ,Нуклеозидные ингибиторы обратной транскриптазы вич
НИОТ,Нуклеозидный ингибитор обратной транскриптазы
НКК,Нижний контроль качества
НКУ,Независимое контрольное учреждение
НЛР,Нежелательная лекарственная реакция
НЛР,Нежелательные лекарственные реакции
НМ-КРРПЖ,Неметастатический кастрационно-резистентный рак предстательной железы
НМГ,Низкомолекулярные гепарины
НМГ,Низкомолекулярный гепарин
НМРК,Немеланомный рак кожи
НМРЛ,Немелкоклеточный рак легких
НМРЛ,Немелкоклеточный рак легкого
ННИОТ,Ненуклеозидные ингибиторы обратной транскриптазы
ННИОТ,Ненуклеозидные ингибиторы обратной транскриптазы вич
ННИОТ,Ненуклеозидный ингибитор обратной транскриптазы
ННК,Независимый наблюдательный комитет
ННР,Непредвиденная нежелательная реакция
НОАК,Новые оральные антикоагулянты
НП,Не применимо
НП,Неприменимо
НПВ,Нижняя полая вена
НПВП,Нестероидные противовоспалительные препараты
НПВП,Нестероидный противовоспалительный препарат
НПКО,Нижний предел количественного определения
НПЭ,Неблагоприятные побочные эффекты
НР,Нежелательная реакция
НР,Нежелательные реакции
НР/СНР,Нежелательная/серьезная нежелательная реакция
НС,Нестабильная стенокардия
НСV,Вирус гепатита с (hepatitis c virus)
НТГ,Нарушение толерантности к глюкозе
НТГ,Нарушенная толерантность к глюкозе
НУП,Натрийуретический пептид
НФГ,Нефракционированный гепарин
НХЛ,Неходжкинская лимфома
НЭК,Независимый этический комитет
НЭО,Нейроэндокринные опухоли
НЯ,Нежелательное явление
НЯ,Нежелательноя явление
НЯ,Нежелательные явления
НЯ/СНЯ,Нежелательное/серьезное нежелательное явление
НЯФЛ,Нежелательное явление на фоне лечения
НЯФЛ,"Нежелательное явление, возникшее на фоне лечения"
НтИОТ,Нуклеотидный ингибитор обратной транскриптазы
ОА,Очаговая алопеция
ОАК,Общий анализ крови
ОАМ,Общий анализ мочи
ОАТ,Переносчик органических анионов
ОАТР,Переносчик органических анионов полипептида
ОВ,Общая выживаемость
ОГЭП,Острый генерализованный экзантематозный пустулез
ОИ,Оппортунистические инфекции
ОИМ,Острый инфаркт миокарда
ОИП,Обычная интерстициальная пневмония
ОКС,Острый коронарный синдром
ОКСбпST,Острый коронарный синдром без подъема сегмента st
ОКСпST,Острый коронарный синдром с подъемом сегмента st
ОЛ,Острый лейкоз.
ОЛЛУ,Оценке локальных лимфатических узлов
ОМД,Отдел медицинской документации
ОМЛ,Острый миелобластный лейкоз
ОМЛ,Острый миелоидный лейкоз
ОНМК,Острое нарушение мозгового кровообращения
ООО,Общество с ограниченной ответственностью
ОП,Опытно-промышленная
ОП,Опытно-промышленный
ОПП,Острое почечное повреждение
ОПСС,Общее периферическое сопротивление сосудов
ОР,Относительный риск
ОР,Отношение рисков
ОРВИ,Острая респираторная вирусная инфекция
ОРВИ,Острая респираторная инфекция
ОРВИ,Острые респираторные вирусные заболевания
ОСН,Острая сердечная недостаточность
ОСТ,Переносчик органических катионов
ОТТС,Операция ортотопической трансплантации сердца
ОФВ1,Объем форсированного выдоха за одну секунду
ОФТ,Оптимизированная фоновая терапия
ОХ,Общий холестерин
ОХЛП,Общая характеристика лекарственного препарата
ОХЛП,Общая характеристика лекарственного препарата для медицинского применения
ОХЛП,Общая характеристика лекарственного препарата
ОЧО,Общая частота ответа
ОШ,Отношение шансов
Опросник EQ5D,Европейская шкала оценки качества жизни по пяти аспектам (european quality of lifefive domain scale)
ПАГ,Парааминогиппуровая кислота
ПВ,Проторомбиновое время
ПВ,Протромбиновое время
ПВА,Полная выборка анализов
ПВДХ,Поливинилиденхлорид
ПВП,Поливинилпирролидон
ПВТ,Противовирусная терапия
ПВХ,Поливинилхлорид
ПГА2,Простагландин а2
ПГГП,Пероральные гипогликемические препараты
ПГД2,Простагландин д2
ПГО,Полный гематологический ответ
ПГТТ,Пероральный глюкозотолерантный тест
ПД,Потенциал дейтсвия
ПЖ,Поджелудочная железа
ПЗ,Прогрессирование заболевания
ПИН,Потреблители инъекционных наркотиков
ПК,Периферическая кровь
ПКР,Плоскоклеточный рак
ПКР,Почечно-клеточная карцинома
ПКР,Почечно-клеточный рак
ПКР,Почечно-клеточный рак
ПКТ,Первичная конечная точка
ПЛЛ,Пациенто-лет лечения
ПМЛ,Прогрессирующая множественная лейкоэнцефалопатия
ПМО,Полный молекулярный ответ
ПМТ,Прибавка массы тела
ПМФ,Первичный миелофиброз
ПНЖК,Полиненасыщенные жирные кислоты
ПНМК,Переходящее нарушение мозгового кровообращения
ПО,Полный ответ
ПО,Программное обеспечение
ПОЛ,Перекисное окисление липидов
ППГ,Глюкоза в плазме крови после приема пищи
ППД,Препарат прямого действия
ПППД,Противовирусные препараты прямого действия
ППТ,Площадь поверхности тела
ПР,Полная ремиссия
ПСА,План статистического анализа
ПСА,Простатический специфический антиген
ПСА,Простатспецифический антиген
ПСВ,Пиковая скорость выдоха
ПСМ,Производные сульфонилмочевины
ПССП,Пероральные сахароснижающие препараты
ПТ,Протромбиновое время
ПТИ,Протромбиновый индекс
ПТТГ,Пероральный тест толерантности к глюкозе
ПХТ,Полихимиотерапия
ПЦО,Полный цитогенетический ответ
ПЦР,Полимераазная цепнаая реакция
ПЦР,Полимеразная цепная реакция
ПЦР-РВ,Реакция полимеразной цепной реакции в реальном времени
ПЭ,Полный эффект
ПЭГ,Полиэтиленгликоль
ПЭП,Противоэпилептические препараты
Пост-ИП МФ,Постполицитемический миелофиброз
РА,Ревматоидный артрит
РААС,Ренин-ангиотензин-альдостероновая система
РБВ,Рибавирин
РВРК,Физиологически обоснованная фармакокинетическая модель
РВРК,Физиологически обоснованное фармакокинетическое моделирование
РГЛГ,Рилизинг-гормон лютеинизирующего гормона
РЙТ,Радиойодтерапия
РКИ,Рандомизированное клиническое исследование
РКИ,Рандомизированные клинические исследования
РМЖ,Рак молочной железы
РН,Радикальная нефрэктомия
РНК,Рибонуклеиновая кислота
РНКаза Н,Рибонуклеаза н
РНЛ,Ранее не леченный
РО,Перорально
РП,Рак простаты
РП,Резекция почки
РПЖ,Рак предстательной железы
РПТХ,Реакция «трансплантат против хозяина»
РТМ,Рак тела матки
РТПХ,Реакция «трансплантат против хозяина»
РТХЗ,Пентраксин-3
РУ,Регистрационное удостоверение
РФ,Ревматоидный фактор
РФ,Российская федерация
РЩЖ,Рак щитовидной железы
РЭ,Рак эндометрия
С0,Минимальная концентрация лекарственного препарата в цельной крови
СL,Общий плазменный клиренс
СYР,Цитохром р450
Сmax,Максимальная концентрация в плазме крови
Сmах,Максимальная концентрация
Сmах,Максимальная концентрация (maximum concentration)
САГК,Суберанилогидроксамовая кислота
САД,Систолическое артериальное давление
САД,Среднее артериальное давление
САР,Снижение абсолютных рисков
САС,Симпатоадреналовая система
СБН,Стимуляция блуждающего нерва
СГ,Спонтанная гипертензия
СД,Сахарный диабет
СД 2,Сахарный диабет 2 типа
СД1,Сахарный диабет 1 типа
СД2,Сахарный диабет 2 типа
СД2,Сд 2-го типа
СД2Т,Сахарный диабет 2 типа
СЖК,Свободные жирные кислоты
СЖП,Содержание железа в печени
СЗ,Стабилизация заболевания
СЗОЭ,Синдром задней обратимой энцефалопатии
СКВ,Системная красная волчанка
СКК,Средний контроль качества
СКФ,Скорость клубочковой фильтрации
СМ,Системный мастоцитоз
СМ,Сульфонилмочевина
СМ-АГН,Системный мастоцитоз с ассоциированным гематологическим новообразованием
СМЖ,Спинномозговая жидкость
СН,Сердечная недостаточность
СН-нФВ,Сн с низкой фракцией выброса
СННР,Серьезная непредвиденная нежелательная реакция
СНО,Клетки китайского хомяка
СНО,Клетки яичников китайского хомячка
СНР,Серьезная нежелательная реакция
СНР,Серьёзная нежелательная реакция
СНЯ,Серьезное нежелательное явление
СНЯ,Серьезные нежелательные явления
СНЯ,Серьёзное нежелательное явление
СНЯ,Серьёзные нежелательные явления
СНсСФВ,Сердечная недостаточность с сохраненной фракцией выброса
СО,Среднее (стандартное) отклонение
СО,Стандартное отклонение
СОАС,Синдром обструктивного апноэ сна
СОД,Суммарная доза облучения
СОК,Системно-огранный класс
СОК,Системно-органного класса
СОК,Системно-органный класс
СОП,Стандартная операционная процедура
СОП,Стандартные операционные процедуры
СОР,Снижение относительных рисков
СОЭ,Скорость оседания эритроцитов
СП,Санитарные правила
СПИД,Синдром приобретенного иммунодефицита
СПИД,Синдром приобретенного иммунодефицита человека
СРАР,"Срар-терапия (continuous positive airway pressure),режим искусственной вентиляции лёгких постоянным положительным давлением"
СРБ,С-реактивный белок
СС,Системный склероз
ССL19,Воспалительный белок макрофагов 3β
ССД,Синдром стивенса-джонсона
ССЗ,Сердечно-сосудистые заболевания
ССЗОА,"Сердечно-сосудистое заболевание, обусловленное атеросклерозом"
ССИ,Скорость секреции инсулина
ССО,Сердечно-сосудистые осложнения
ССП,Сахароснижающие препараты
ССС,Сердечно-сосудистая система
ССС,Сердечно-сосудистая смертность
СТ,Стабилизация
СТК,Саркома тучных клеток
СТО,Стандартный образец
СЧР,Совокупная частота рецидивов
США,Соединенные штаты  америки
США,Соединенные штаты америки
США,Соединённые штаты америки
СЭГА (SEGA),Cубэпендимальная гигантоклеточная астроцитома
Т1/2,Период полувыведения лекарственного вещества
Тmax,Время достижения максимальной концентрации
ТАА,Тяжелая апластическая анемия
ТБ,Туберкулез
ТВ,Тромбиновое время
ТГ,Триглицериды
ТГВ,Тромбоз глубоких вен
ТГСК,Трансплантация гемопоэтических стволовых клеток
ТЕМ,Просвечивающая электронная микроскопия
ТЗД,Тиазолидиндионы
ТИА,Транзиторная ишемическая атака
ТК,Тирозинкиназы
ТК,Тучные клетки
ТКБ,Тирозинкиназа брутона
ТКБ/ BTK,Тирозинкиназа брутона
ТКИ,Ингибитор тирозинкиназа
ТКЛ,Тучноклеточный лейкоз.
ТКПО,"Таблетки кишечнорастворимые, покрытые оболочкой"
ТКС,Топические кортикостероиды
ТН,Торговое наименование
ТНП,Терминальная почечная недостаточность
ТНРМЖ,Трижды негативный рак молочной железы
ТОССЗ,Тяжелые осложнения сердечно-сосудистых заболеваний
ТПО,"Таблетки, покрытые пленочной оболочкой"
ТППО,"Таблетки, покрытые пленочной оболочкой"
ТС,Туберозный склероз
ТСКК,Трансплантация гемопоэтических стволовых клеток
ТСКК,Трансплантация стволовых клеток
ТСКР,Тест сравнительной кинетики растворения
ТСКР,Тест сравнительной кинетики растворения in vitro
ТСМ,Тлеющий системный мастоцитоз
ТСПН,Терминальная стадия почеченой недостаточности
ТТГ,Тиреотропный гормон
ТТП,Тромботическая тромбоцитопеническая пурпура
ТФ,Тканевой фактор
ТФР,Трансформирующий фактор роста
ТЭЛА,Тромбоэмболия легочной артерии
ТЭН,Токсический эпидермальный некроз
УВО,Устойчивый вирусологический ответ
УВЭЖХ-qTOF/МС/МС,Ультравысокоэффективная жидкостная хроматография с квадрупольной времяпролетной тандемной масс-спектрометрией
УГТ,Удф-глюкуронозилтрансферазы
УГТ,Уридиндифосфатглюкуронилтрансфераза
УДФ,Уридин-5-дифосфат глюкуронилтрансфераза
УДФГТ,Уридин-5'-дифосфат-глюкуронозилтрансфераза
УЗИ,Ультразвуковое исследование
УКП,Улучшение клинических показателей
УЛП,Ушко левого предсердия
УФ,Ультрафиолет
Уд/мин,Удары в минуту
ФА,Фаза акселерации
ФАБ,Франко-американо-британская классификация
ФБУН,Федеральное бюджетное учреждение науки
ФВ,Фракция выброса
ФВЛЖ,Фракции выброса левого желудочка
ФВЛЖ,Фракция выброса левого желудочка
ФГА,Фитогемагглютинин
ФГБУ,Федеральное государственное бюджетное учреждение
ФД,Фармакодинамика
ФД,Фармакодинамический
ФДГ,Фтордезоксиглюкоза
ФДЭ,Фосфодиэстераза
ФЖ,Фибрилляция желудочков
ФЖЕЛ,Форсированная жизненная емкость легких
ФЖЕЛ,Функциональная жизненная емкость легких
ФЗ,Федеральный закон
ФИО,Фамилия имя отчество
ФИО,"Фамилия, имя, отчество"
ФК,Фармакокинетика
ФК,Функциональный класс
ФКД,Фиксированная комбинация доз
ФМА,Форболмиристатацетат
ФНО,Фактор некроза опухоли
ФНО-α,Фактор некроза опухоли альфа
ФП,Фибрилляция предсердий
ФР,Фактор риска
ФСГ,Фолликулостимулирующий гормон
ФТ,Фоновая терапия
ФТП,Функциональные тесты печени
Физиол. Конц.,В пределах физиологической концентрации
ХБП,Хроническая болезнь почек
ХВГС,Хронический вирусный гепатит с
ХГЧ,Хорионический гонадотропин человека
ХЛЛ,Хронический лимфоцитарный лейкоз
ХМЛ,Хронический миелоидный лейкоз
ХМЛ,Хронический миелолейкоз
ХММЛ,Хронический миеломоноцитарный лейкоз
ХПН,Хроническая почечная недостаточность
ХСН,Хроническая сердечная недостаточн
ХСН,Хроническая сердечная недостаточность
ХСНнФВ,Хроническая сердечная недостаточность со снижением фракции выброса левого желудочка
ХСНнФВ,Хроническая сердечная недостаточность со сниженной фракцией выброса левого желудочка
ХСНпФВ,Хроническая сердечная недостаточность с промежуточной фракцией выброса левого желудочка
ХСНсФВ,Хроническая сердечная недостаточность с сохранённой фракцией выброса левого желудочка
ХТ,Хелаторная терапия
ХТ,Химиотерапия
ХФ,Хроническая фаза
Хс-ЛПВП,Холестерин липопротеинов высокой плотности
Хс-ЛПНП,Холестерин липопротеинов низкой плотности
Хс-ЛПОНП,Холестерин липопротеинов очень высокой плотности
ЦК,Цельная кровь
ЦМВ,Цитомегаловирусная инфекция
ЦНС,Центральная нервная система
ЦНС,Центральной нервная система
ЦОГ,Циклооксигеназа
ЦОГ-1,Циклооксигеназа 1 типа
ЦОГ-2,Циклооксигеназа 2 типа
ЦП,Цирроз печени
ЧБНЛ,Число больных необходимое для лечения
ЧДД,Частота дыхательных движений
ЧКВ,Чрезкожное коронарное вмешательство
ЧКВ,Чрескожное коронарное вмешательство
ЧКЗ,Частота контроля заболевания
ЧКУ,Частота клинического улучшения
ЧКУ16,Частота клинического улучшения на сроке 16 недель
ЧКУ24,Частота клинического улучшения на сроке 24 недели
ЧО,Частичный ответ
ЧОО,Частота общего ответа
ЧОО,Частота объективного ответа
ЧОО,Частота объективных ответов
ЧОО,Частота ответа на терапию
ЧП-ЭхоКГ,Чреспищеводная эхокардиография
ЧСА,Человеческий сывороточный альбумин
ЧСС,Частота сердечных сокращений
ЧЭ,Частичный эффект
ЩЖ,Щитовидная железа
ЩФ,Шелочная фосфатаза
ЩФ,Щелочная фосфатаза
ЩФ,Щелочнаяфосфатаза
ЩФ,Щелочной фосфатазы
ЭД,Эффективная (пероральная) доза
ЭКГ,Эктрокардиограмма
ЭКГ,Электрокардиограмма
ЭКГ,"Электрокардиограмма, электрокардиографическое исследование"
ЭКГ,Электрокардиография
ЭПК,Эйкозапентаеновая кислота
ЭСБКК,Эмболия сосудов большого круга кровообращения
ЭХОКГ,Эхокардиография
ЭЭ,Этинилэстрадиол
ЭхоКГ,Эхокардиография
ЮИА,Ювенильный идиопатический артрит
ЮНЕЙДС,Объединенная программа организации объединенных наций (оон) по вич/спид
ЯК,Язвенный колит
ЯМР,Ядерно-магнитный резонанс
ЯМР,Ядерный магнитный резонанс
ЯОП,Ядро одиночного пути
ЯР,Ядерный рецептор
анти-VEGF,Антитела к фактору роста эндотелия сосудов
в/в,Внутривенно
в/в,Внутривенный
г,Грамм
иSGLT2   (иНГЛТ2),Ингибиторы глюкозо-натриевого симпортера 2
иАПФ,Ингибитор ангиотензин-превращающего фермента
иАПФ,Ингибиторы ангиотензинпревращающего фермента
иДПП-4,Ингибиторы дипетидилпептидазы-4
иНГЛТ-2,Ингибитор натрий-глюкозного котранспортера 2-го типа
иНГЛТ-2/ НГЛТ-2,Ингибиторы натрий-глюкозного котранспортера 2-го типа
иФДЭ-5,Ингибитор фосфодиэстеразы типа 5
кДНК,Комплементарная дезоксирибонуклеиновая кислота
кДНК,Комплементарная днк
кг,Килограмм
кфСРПВ,Каротиднофеморальная скорость распространения пульсовой волны
л,Литр
м,Метр
мБКР,Метастатический базальноклеточный рак кожи
мГРЧПЖ,Метастатический гормоночувствительный рак предстательной железы
мГЧРПЖ,Метастатический гормон-чувствительный рак предстательной железы
мКРПЖ,Метастатический кастрационный рак предстательной железы
мКРРПЖ,Метастатический кастрационно-резистентный рак предстательной железы
мКЧРПЖ,Метастатический кастрационно-чувствительный рак предстательной железы
мПКР,Метастатический почечно-клеточный рак
мРМЖ,Метастатический рак молочной железы
мРНК,Матричная рибонуклеиновая кислота
мг,Миллиграмм
мг/кг,Миллиграмм на килограмм
мес.,Месяц(ев)
мин,Минута
мкМ,Микро моль
мкМ,Микромоль
мкг,Микрограмм
мкг/кг,Микрограмм на килограмм
мкмоль,Микромолль
мл,Миллилитр
мм,Миллиметр
ммоль,Миллимолль
мрБКР,Местно-распространенный базальноклеточный рак кожи
мтДНК,Митохондриальная дезоксирибонуклеиновая кислота
нПКР,Несветлоклеточный почечно-клеточный рак
нг,Нанограммы
нмКРРПЖ,Неметастатический кастрационно-резистентный рак предстательной железы
оРТПХ,Острая реакция «трансплантат против хозяина»
п/з,Поле зрения
п/к,Подкожный
п/о,Пероральный
пег/пэг-ИФН,Пегилированный интерферон
рВБП,Выживаемость без прогрессирования при рентгенологическом исследовании
рВБП,Рентгенологически подтвержденная выживаемость без прогрессирования заболевания
рН,Показатель кислотности
рСКФ,Расчетная скорость клубочковой фильтрации
рт.ст.,Ртутного столба
сБМАРП,Синтетические болезнь-модифицирующие антиревматические препараты
сБМАРП,Синтетические болезньмодифицирующие антиревматические препараты
сБПВП,Синтетические базисные противовоспалительные препараты
сПКР,Светлоклеточный почечно-клеточный рак
сЮА,Системный юношеский артрит
срсСАД,Снижение среднего систолического артериального давления
сут,Сутки
тппо,"Таблетки, покрытые пленочной оболочкой"
тсБМАРП,Таргетные синтетические бмарп
тсБМАРП,Таргетные синтетические болезньмодифицирующие антиревматические препараты
тсБПВП,Таргетные синтетические базисные противовоспалительные препараты
хРТПХ,Хроническая реакция «трансплантат против хозяина»
цАМФ,Циклический аденозинмонофосфат
цГМФ,Циклический гуанозинмонофосфат
цНЭ,Циторедуктивная нефрэктомия
ч,Час
эИРК,Электронная версия индивидуальной регистрационной карты
